t,θ1,ω1,θ2,ω2
0.0000,1.000000,0.000000,0.500000,0.000000
0.0100,0.999497,-0.100688,0.500207,0.041352
0.0200,0.997986,-0.201418,0.500828,0.082871
0.0300,0.995468,-0.302231,0.501865,0.124720
0.0400,0.991941,-0.403164,0.503324,0.167057
0.0500,0.987404,-0.504252,0.505208,0.210030
0.0600,0.981855,-0.605522,0.507527,0.253777
0.0700,0.975293,-0.706994,0.510287,0.298415
0.0800,0.967715,-0.808677,0.513498,0.344041
0.0900,0.959119,-0.910566,0.517171,0.390727
0.1000,0.949503,-1.012638,0.521317,0.438508
0.1100,0.938866,-1.114847,0.525945,0.487377
0.1200,0.927206,-1.217121,0.531068,0.537281
0.1300,0.914523,-1.319353,0.536694,0.588100
0.1400,0.900819,-1.421392,0.542832,0.639647
0.1500,0.886097,-1.523041,0.549488,0.691648
0.1600,0.870361,-1.624043,0.556665,0.743732
0.1700,0.853619,-1.724074,0.564362,0.795418
0.1800,0.835884,-1.822736,0.572570,0.846103
0.1900,0.817171,-1.919553,0.581278,0.895056
0.2000,0.797501,-2.013966,0.590463,0.941412
0.2100,0.776901,-2.105337,0.600094,0.984184
0.2200,0.755406,-2.192963,0.610131,1.022272
0.2300,0.733057,-2.276090,0.620520,1.054495
0.2400,0.709902,-2.353943,0.631197,1.079636
0.2500,0.685998,-2.425765,0.642085,1.096495
0.2600,0.661409,-2.490856,0.653096,1.103953
0.2700,0.636206,-2.548621,0.664130,1.101044
0.2800,0.610463,-2.598604,0.675079,1.087012
0.2900,0.584260,-2.640528,0.685831,1.061366
0.3000,0.557680,-2.674302,0.696267,1.023904
0.3100,0.530801,-2.700027,0.706270,0.974716
0.3200,0.503705,-2.717976,0.715724,0.914169
0.3300,0.476466,-2.728561,0.724518,0.842859
0.3400,0.449157,-2.732296,0.732548,0.761561
0.3500,0.421841,-2.729757,0.739718,0.671170
0.3600,0.394580,-2.721538,0.745944,0.572644
0.3700,0.367428,-2.708220,0.751147,0.466954
0.3800,0.340431,-2.690342,0.755262,0.355047
0.3900,0.313634,-2.668389,0.758231,0.237817
0.4000,0.287076,-2.642774,0.760004,0.116089
0.4100,0.260790,-2.613841,0.760540,-0.009391
0.4200,0.234809,-2.581861,0.759806,-0.137959
0.4300,0.209162,-2.547038,0.757772,-0.269025
0.4400,0.183877,-2.509514,0.754418,-0.402074
0.4500,0.158980,-2.469381,0.749726,-0.536656
0.4600,0.134498,-2.426680,0.743681,-0.672381
0.4700,0.110455,-2.381417,0.736276,-0.808906
0.4800,0.086878,-2.333567,0.727502,-0.945938
0.4900,0.063793,-2.283079,0.717356,-1.083220
0.5000,0.041226,-2.229885,0.705837,-1.220531
0.5100,0.019204,-2.173904,0.692946,-1.357681
0.5200,-0.002243,-2.115048,0.678685,-1.494507
0.5300,-0.023087,-2.053223,0.663057,-1.630874
0.5400,-0.043297,-1.988339,0.646069,-1.766669
0.5500,-0.062843,-1.920310,0.627726,-1.901804
0.5600,-0.081692,-1.849054,0.608035,-2.036211
0.5700,-0.099813,-1.774505,0.587004,-2.169845
0.5800,-0.117171,-1.696607,0.564641,-2.302678
0.5900,-0.133734,-1.615322,0.540954,-2.434701
0.6000,-0.149466,-1.530635,0.515950,-2.565920
0.6100,-0.164335,-1.442553,0.489638,-2.696351
0.6200,-0.178306,-1.351115,0.462025,-2.826015
0.6300,-0.191347,-1.256394,0.433120,-2.954934
0.6400,-0.203424,-1.158509,0.402929,-3.083114
0.6500,-0.214507,-1.057631,0.371460,-3.210537
0.6600,-0.224567,-0.953997,0.338721,-3.337143
0.6700,-0.233579,-0.847927,0.304721,-3.462802
0.6800,-0.241519,-0.739841,0.269469,-3.587294
0.6900,-0.248370,-0.630283,0.232980,-3.710267
0.7000,-0.254122,-0.519949,0.195270,-3.831201
0.7100,-0.258770,-0.409713,0.156365,-3.949362
0.7200,-0.262320,-0.300659,0.116296,-4.063759
0.7300,-0.264791,-0.194099,0.075107,-4.173101
0.7400,-0.266216,-0.091587,0.032856,-4.275776
0.7500,-0.266642,0.005098,-0.010380,-4.369858
0.7600,-0.266140,0.093999,-0.054505,-4.453152
0.7700,-0.264795,0.173076,-0.099400,-4.523310
0.7800,-0.262717,0.240340,-0.144920,-4.577998
0.7900,-0.260034,0.294039,-0.190901,-4.615128
0.8000,-0.256886,0.332840,-0.237159,-4.633094
0.8100,-0.253429,0.356002,-0.283496,-4.630998
0.8200,-0.249819,0.363475,-0.329711,-4.608782
0.8300,-0.246210,0.355912,-0.375607,-4.567249
0.8400,-0.242746,0.334589,-0.420997,-4.507955
0.8500,-0.239558,0.301245,-0.465714,-4.433015
0.8600,-0.236755,0.257894,-0.509613,-4.344858
0.8700,-0.234427,0.206638,-0.552575,-4.245990
0.8800,-0.232642,0.149511,-0.594505,-4.138807
0.8900,-0.231450,0.088377,-0.635331,-4.025460
0.9000,-0.230882,0.024867,-0.675000,-3.907795
0.9100,-0.230956,-0.039642,-0.713478,-3.787325
0.9200,-0.231674,-0.104023,-0.750741,-3.665253
0.9300,-0.233033,-0.167373,-0.786780,-3.542502
0.9400,-0.235016,-0.228989,-0.821591,-3.419761
0.9500,-0.237605,-0.288335,-0.855177,-3.297526
0.9600,-0.240774,-0.345009,-0.887545,-3.176141
0.9700,-0.244495,-0.398723,-0.918704,-3.055836
0.9800,-0.248738,-0.449276,-0.948666,-2.936752
0.9900,-0.253470,-0.496540,-0.977443,-2.818968
1.0000,-0.258657,-0.540439,-1.005049,-2.702518
1.0100,-0.264267,-0.580943,-1.031498,-2.587403
1.0200,-0.270265,-0.618055,-1.056802,-2.473605
1.0300,-0.276617,-0.651806,-1.080974,-2.361093
1.0400,-0.283290,-0.682250,-1.104028,-2.249830
1.0500,-0.290251,-0.709454,-1.125975,-2.139776
1.0600,-0.297469,-0.733502,-1.146827,-2.030890
1.0700,-0.304911,-0.754488,-1.166596,-1.923133
1.0800,-0.312549,-0.772513,-1.185294,-1.816469
1.0900,-0.320352,-0.787687,-1.202929,-1.710865
1.1000,-0.328293,-0.800122,-1.219514,-1.606290
1.1100,-0.336346,-0.809939,-1.235059,-1.502719
1.1200,-0.344484,-0.817259,-1.249572,-1.400126
1.1300,-0.352683,-0.822205,-1.263064,-1.298492
1.1400,-0.360920,-0.824903,-1.275545,-1.197796
1.1500,-0.369174,-0.825481,-1.287023,-1.098020
1.1600,-0.377423,-0.824065,-1.297508,-0.999147
1.1700,-0.385649,-0.820784,-1.307009,-0.901160
1.1800,-0.393833,-0.815764,-1.315534,-0.804043
1.1900,-0.401959,-0.809133,-1.323093,-0.707777
1.2000,-0.410011,-0.801016,-1.329693,-0.612345
1.2100,-0.417975,-0.791538,-1.335342,-0.517727
1.2200,-0.425837,-0.780821,-1.340050,-0.423903
1.2300,-0.433587,-0.768988,-1.343823,-0.330851
1.2400,-0.441214,-0.756157,-1.346669,-0.238545
1.2500,-0.448707,-0.742447,-1.348596,-0.146961
1.2600,-0.456060,-0.727972,-1.349611,-0.056071
1.2700,-0.463265,-0.712844,-1.349720,0.034155
1.2800,-0.470315,-0.697175,-1.348930,0.123748
1.2900,-0.477207,-0.681070,-1.347247,0.212740
1.3000,-0.483936,-0.664635,-1.344677,0.301165
1.3100,-0.490499,-0.647971,-1.341226,0.389059
1.3200,-0.496895,-0.631175,-1.336898,0.476456
1.3300,-0.503122,-0.614341,-1.331698,0.563394
1.3400,-0.509182,-0.597559,-1.325631,0.649908
1.3500,-0.515074,-0.580915,-1.318701,0.736034
1.3600,-0.520801,-0.564490,-1.310912,0.821805
1.3700,-0.526365,-0.548360,-1.302266,0.907254
1.3800,-0.531769,-0.532593,-1.292768,0.992411
1.3900,-0.537018,-0.517253,-1.282419,1.077300
1.4000,-0.542116,-0.502396,-1.271222,1.161942
1.4100,-0.547067,-0.488068,-1.259181,1.246352
1.4200,-0.551879,-0.474308,-1.246296,1.330537
1.4300,-0.556556,-0.461142,-1.232571,1.414493
1.4400,-0.561104,-0.448583,-1.218007,1.498207
1.4500,-0.565529,-0.436633,-1.202607,1.581650
1.4600,-0.569838,-0.425275,-1.186375,1.664779
1.4700,-0.574037,-0.414474,-1.169313,1.747530
1.4800,-0.578130,-0.404175,-1.151426,1.829819
1.4900,-0.582122,-0.394299,-1.132719,1.911535
1.5000,-0.586017,-0.384740,-1.113198,1.992538
1.5100,-0.589817,-0.375365,-1.092871,2.072655
1.5200,-0.593524,-0.366007,-1.071748,2.151677
1.5300,-0.597137,-0.356467,-1.049842,2.229356
1.5400,-0.600652,-0.346507,-1.027167,2.305398
1.5500,-0.604064,-0.335855,-1.003740,2.379468
1.5600,-0.607366,-0.324199,-0.979585,2.451185
1.5700,-0.610544,-0.311193,-0.954726,2.520122
1.5800,-0.613584,-0.296458,-0.929193,2.585816
1.5900,-0.616466,-0.279589,-0.903022,2.647769
1.6000,-0.619167,-0.260165,-0.876252,2.705463
1.6100,-0.621659,-0.237759,-0.848929,2.758369
1.6200,-0.623911,-0.211952,-0.821103,2.805970
1.6300,-0.625886,-0.182349,-0.792829,2.847773
1.6400,-0.627544,-0.148594,-0.764168,2.883335
1.6500,-0.628843,-0.110392,-0.735184,2.912280
1.6600,-0.629736,-0.067514,-0.705945,2.934316
1.6700,-0.630177,-0.019820,-0.676522,2.949250
1.6800,-0.630116,0.032744,-0.646984,2.956994
1.6900,-0.629506,0.090138,-0.617406,2.957569
1.7000,-0.628298,0.152236,-0.587856,2.951092
1.7100,-0.626446,0.218828,-0.558407,2.937775
1.7200,-0.623907,0.289637,-0.529123,2.917900
1.7300,-0.620641,0.364331,-0.500069,2.891806
1.7400,-0.616609,0.442538,-0.471306,2.859866
1.7500,-0.611779,0.523862,-0.442890,2.822471
1.7600,-0.606123,0.607896,-0.414874,2.780015
1.7700,-0.599614,0.694231,-0.387305,2.732879
1.7800,-0.592232,0.782470,-0.360230,2.681422
1.7900,-0.583959,0.872231,-0.333690,2.625976
1.8000,-0.574783,0.963154,-0.307723,2.566843
1.8100,-0.564694,1.054900,-0.282365,2.504294
1.8200,-0.553684,1.147156,-0.257648,2.438571
1.8300,-0.541750,1.239633,-0.233603,2.369892
1.8400,-0.528891,1.332062,-0.210259,2.298452
1.8500,-0.515109,1.424197,-0.187643,2.224433
1.8600,-0.500409,1.515809,-0.165779,2.148007
1.8700,-0.484796,1.606685,-0.144690,2.069344
1.8800,-0.468278,1.696622,-0.124399,1.988615
1.8900,-0.450867,1.785427,-0.104924,1.906004
1.9000,-0.432574,1.872913,-0.086284,1.821709
1.9100,-0.413414,1.958894,-0.068495,1.735951
1.9200,-0.393402,2.043181,-0.051569,1.648978
1.9300,-0.372556,2.125579,-0.035518,1.561073
1.9400,-0.350897,2.205885,-0.020350,1.472561
1.9500,-0.328446,2.283879,-0.006068,1.383809
1.9600,-0.305228,2.359324,0.007327,1.295236
1.9700,-0.281269,2.431958,0.019839,1.207315
1.9800,-0.256599,2.501497,0.031477,1.120576
1.9900,-0.231251,2.567623,0.042256,1.035610
2.0000,-0.205259,2.629994,0.052197,0.953061
2.0100,-0.178665,2.688233,0.061328,0.873632
2.0200,-0.151510,2.741937,0.069683,0.798068
2.0300,-0.123842,2.790683,0.077305,0.727152
2.0400,-0.095714,2.834031,0.084244,0.661683
2.0500,-0.067181,2.871540,0.090559,0.602458
2.0600,-0.038304,2.902782,0.096317,0.550247
2.0700,-0.009148,2.927357,0.101590,0.505760
2.0800,0.020219,2.944914,0.106460,0.469618
2.0900,0.049726,2.955169,0.111012,0.442326
2.1000,0.079298,2.957921,0.115337,0.424244
2.1100,0.108859,2.953065,0.119528,0.415563
2.1200,0.138334,2.940600,0.123680,0.416300
2.1300,0.167646,2.920632,0.127885,0.426291
2.1400,0.196722,2.893365,0.132235,0.445202
2.1500,0.225490,2.859096,0.136817,0.472546
2.1600,0.253882,2.818193,0.141712,0.507706
2.1700,0.281833,2.771085,0.146995,0.549970
2.1800,0.309284,2.718233,0.152733,0.598558
2.1900,0.336180,2.660120,0.158985,0.652654
2.2000,0.362471,2.597229,0.165801,0.711437
2.2100,0.388111,2.530032,0.173226,0.774103
2.2200,0.413059,2.458980,0.181294,0.839881
2.2300,0.437279,2.384493,0.190032,0.908054
2.2400,0.460738,2.306958,0.199461,0.977961
2.2500,0.483409,2.226727,0.209595,1.049005
2.2600,0.505265,2.144119,0.220443,1.120657
2.2700,0.526284,2.059418,0.232008,1.192449
2.2800,0.546447,1.972879,0.244291,1.263977
2.2900,0.565736,1.884733,0.257286,1.334892
2.3000,0.584137,1.795185,0.270986,1.404900
2.3100,0.601636,1.704424,0.285380,1.473750
2.3200,0.618222,1.612622,0.300456,1.541235
2.3300,0.633886,1.519940,0.316200,1.607179
2.3400,0.648619,1.426533,0.332594,1.671438
2.3500,0.662414,1.332549,0.349622,1.733890
2.3600,0.675268,1.238137,0.367266,1.794428
2.3700,0.687176,1.143444,0.385504,1.852960
2.3800,0.698137,1.048625,0.404318,1.909396
2.3900,0.708149,0.953838,0.423685,1.963649
2.4000,0.717214,0.859251,0.443583,2.015627
2.4100,0.725335,0.765043,0.463990,2.065228
2.4200,0.732517,0.671408,0.484879,2.112334
2.4300,0.738766,0.578552,0.506227,2.156811
2.4400,0.744091,0.486698,0.528006,2.198501
2.4500,0.748504,0.396083,0.550188,2.237220
2.4600,0.752018,0.306964,0.572740,2.272759
2.4700,0.754649,0.219607,0.595631,2.304883
2.4800,0.756417,0.134294,0.618826,2.333332
2.4900,0.757343,0.051311,0.642285,2.357825
2.5000,0.757452,-0.029051,0.665968,2.378069
2.5100,0.756771,-0.106510,0.689831,2.393765
2.5200,0.755332,-0.180796,0.713827,2.404617
2.5300,0.753167,-0.251663,0.737906,2.410351
2.5400,0.750311,-0.318898,0.762016,2.410720
2.5500,0.746802,-0.382333,0.786102,2.405525
2.5600,0.742677,-0.441847,0.810108,2.394619
2.5700,0.737978,-0.497378,0.833975,2.377922
2.5800,0.732743,-0.548927,0.857647,2.355424
2.5900,0.727012,-0.596551,0.881065,2.327188
2.6000,0.720825,-0.640369,0.904172,2.293347
2.6100,0.714217,-0.680551,0.926913,2.254101
2.6200,0.707225,-0.717312,0.949237,2.209703
2.6300,0.699882,-0.750902,0.971091,2.160450
2.6400,0.692217,-0.781593,0.992431,2.106672
2.6500,0.684258,-0.809673,1.013211,2.048715
2.6600,0.676031,-0.835433,1.033392,1.986933
2.6700,0.667557,-0.859159,1.052938,1.921674
2.6800,0.658854,-0.881123,1.071815,1.853274
2.6900,0.649939,-0.901582,1.089994,1.782048
2.7000,0.640826,-0.920768,1.107448,1.708287
2.7100,0.631527,-0.938890,1.124152,1.632252
2.7200,0.622051,-0.956132,1.140086,1.554178
2.7300,0.612407,-0.972648,1.155230,1.474268
2.7400,0.602601,-0.988571,1.169566,1.392700
2.7500,0.592637,-1.004004,1.183079,1.309622
2.7600,0.582522,-1.019030,1.195754,1.225160
2.7700,0.572258,-1.033709,1.207577,1.139417
2.7800,0.561849,-1.048079,1.218538,1.052476
2.7900,0.551297,-1.062162,1.228623,0.964403
2.8000,0.540606,-1.075960,1.237822,0.875251
2.8100,0.529779,-1.089462,1.246125,0.785058
2.8200,0.518818,-1.102641,1.253520,0.693854
2.8300,0.507727,-1.115460,1.259999,0.601658
2.8400,0.496510,-1.127866,1.265550,0.508485
2.8500,0.485172,-1.139800,1.270165,0.414343
2.8600,0.473716,-1.151191,1.273834,0.319238
2.8700,0.462150,-1.161960,1.276547,0.223172
2.8800,0.450479,-1.172019,1.278294,0.126146
2.8900,0.438712,-1.181274,1.279066,0.028161
2.9000,0.426857,-1.189623,1.278854,-0.070783
2.9100,0.414923,-1.196960,1.277647,-0.170685
2.9200,0.402921,-1.203171,1.275437,-0.271542
2.9300,0.390864,-1.208139,1.272213,-0.373351
2.9400,0.378763,-1.211741,1.267967,-0.476106
2.9500,0.366634,-1.213849,1.262688,-0.579801
2.9600,0.354492,-1.214335,1.256368,-0.684426
2.9700,0.342353,-1.213064,1.248997,-0.789974
2.9800,0.330237,-1.209900,1.240565,-0.896431
2.9900,0.318162,-1.204705,1.231065,-1.003788
3.0000,0.306150,-1.197340,1.220487,-1.112033
3.0100,0.294223,-1.187663,1.208821,-1.221155
3.0200,0.282405,-1.175533,1.196061,-1.331144
3.0300,0.270721,-1.160810,1.182196,-1.441994
3.0400,0.259198,-1.143353,1.167218,-1.553700
3.0500,0.247863,-1.123025,1.151119,-1.666263
3.0600,0.236747,-1.099689,1.133890,-1.779689
3.0700,0.225880,-1.073214,1.115522,-1.893989
3.0800,0.215294,-1.043470,1.096007,-2.009181
3.0900,0.205022,-1.010336,1.075335,-2.125294
3.1000,0.195099,-0.973696,1.053498,-2.242361
3.1100,0.185560,-0.933442,1.030485,-2.360428
3.1200,0.176442,-0.889478,1.006286,-2.479547
3.1300,0.167783,-0.841720,0.980890,-2.599778
3.1400,0.159621,-0.790100,0.954286,-2.721187
3.1500,0.151994,-0.734572,0.926462,-2.843842
3.1600,0.144942,-0.675113,0.897405,-2.967808
3.1700,0.138505,-0.611735,0.867102,-3.093138
3.1800,0.132721,-0.544495,0.835538,-3.219866
3.1900,0.127627,-0.473503,0.802700,-3.347986
3.2000,0.123262,-0.398941,0.768574,-3.477436
3.2100,0.119660,-0.321087,0.733147,-3.608069
3.2200,0.116850,-0.240337,0.696409,-3.739618
3.2300,0.114861,-0.157243,0.658353,-3.871648
3.2400,0.113711,-0.072549,0.618977,-4.003506
3.2500,0.113412,0.012763,0.578286,-4.134257
3.2600,0.113964,0.097425,0.536299,-4.262616
3.2700,0.115353,0.179848,0.493048,-4.386886
3.2800,0.117547,0.258093,0.448582,-4.504923
3.2900,0.120493,0.329885,0.402979,-4.614130
3.3000,0.124115,0.392682,0.356339,-4.711533
3.3100,0.128308,0.443804,0.308798,-4.793940
3.3200,0.132943,0.480648,0.260521,-4.858213
3.3300,0.137866,0.500960,0.211703,-4.901604
3.3400,0.142902,0.503118,0.162565,-4.922125
3.3500,0.147865,0.486364,0.113340,-4.918846
3.3600,0.152567,0.450917,0.064267,-4.892037
3.3700,0.156825,0.397935,0.015574,-4.843123
3.3800,0.160473,0.329337,-0.032530,-4.774444
3.3900,0.163367,0.247542,-0.079859,-4.688911
3.4000,0.165389,0.155178,-0.126262,-4.589645
3.4100,0.166444,0.054848,-0.171616,-4.479668
3.4200,0.166467,-0.051052,-0.215829,-4.361688
3.4300,0.165412,-0.160424,-0.258831,-4.237987
3.4400,0.163253,-0.271510,-0.300576,-4.110394
3.4500,0.159981,-0.382880,-0.341031,-3.980305
3.4600,0.155598,-0.493401,-0.380177,-3.848737
3.4700,0.150119,-0.602195,-0.418003,-3.716402
3.4800,0.143562,-0.708592,-0.454504,-3.583762
3.4900,0.135956,-0.812091,-0.489678,-3.451099
3.5000,0.127331,-0.912326,-0.523526,-3.318558
3.5100,0.117722,-1.009034,-0.556050,-3.186192
3.5200,0.107163,-1.102034,-0.587251,-3.053991
3.5300,0.095694,-1.191210,-0.617130,-2.921907
3.5400,0.083352,-1.276495,-0.645689,-2.789873
3.5500,0.070177,-1.357864,-0.672927,-2.657815
3.5600,0.056208,-1.435323,-0.698845,-2.525663
3.5700,0.041483,-1.508906,-0.723440,-2.393354
3.5800,0.026042,-1.578670,-0.746711,-2.260839
3.5900,0.009922,-1.644688,-0.768656,-2.128086
3.6000,-0.006839,-1.707051,-0.789272,-1.995078
3.6100,-0.024207,-1.765864,-0.808557,-1.861818
3.6200,-0.042145,-1.821242,-0.826508,-1.728324
3.6300,-0.060621,-1.873308,-0.843123,-1.594631
3.6400,-0.079601,-1.922196,-0.858400,-1.460791
3.6500,-0.099054,-1.968042,-0.872338,-1.326871
3.6600,-0.118952,-2.010984,-0.884937,-1.192951
3.6700,-0.139265,-2.051164,-0.896198,-1.059127
3.6800,-0.159966,-2.088720,-0.906121,-0.925507
3.6900,-0.181031,-2.123784,-0.914709,-0.792214
3.7000,-0.202434,-2.156482,-0.921966,-0.659387
3.7100,-0.224153,-2.186927,-0.927899,-0.527179
3.7200,-0.246166,-2.215219,-0.932513,-0.395762
3.7300,-0.268451,-2.241435,-0.935817,-0.265331
3.7400,-0.290988,-2.265633,-0.937823,-0.136105
3.7500,-0.313757,-2.287839,-0.938544,-0.008332
3.7600,-0.336738,-2.308043,-0.937996,0.117706
3.7700,-0.359911,-2.326200,-0.936197,0.241685
3.7800,-0.383254,-2.342214,-0.933170,0.363234
3.7900,-0.406747,-2.355942,-0.928942,0.481930
3.8000,-0.430365,-2.367180,-0.923543,0.597292
3.8100,-0.454082,-2.375668,-0.917009,0.708775
3.8200,-0.477868,-2.381082,-0.909382,0.815771
3.8300,-0.501692,-2.383036,-0.900710,0.917612
3.8400,-0.525516,-2.381091,-0.891049,1.013576
3.8500,-0.549299,-2.374761,-0.880461,1.102906
3.8600,-0.572995,-2.363535,-0.869016,1.184831
3.8700,-0.596552,-2.346892,-0.856792,1.258598
3.8800,-0.619913,-2.324341,-0.843873,1.323514
3.8900,-0.643017,-2.295443,-0.830353,1.378991
3.9000,-0.665799,-2.259850,-0.816327,1.424585
3.9100,-0.688191,-2.217336,-0.801895,1.460045
3.9200,-0.710123,-2.167819,-0.787160,1.485338
3.9300,-0.731524,-2.111374,-0.772222,1.500663
3.9400,-0.752328,-2.048233,-0.757178,1.506449
3.9500,-0.772468,-1.978771,-0.742122,1.503328
3.9600,-0.791884,-1.903485,-0.727139,1.492102
3.9700,-0.810520,-1.822955,-0.712304,1.473686
3.9800,-0.828328,-1.737814,-0.697686,1.449062
3.9900,-0.845263,-1.648712,-0.683340,1.419222
4.0000,-0.861291,-1.556286,-0.669315,1.385128
4.0100,-0.876380,-1.461134,-0.655649,1.347676
4.0200,-0.890506,-1.363803,-0.642370,1.307669
4.0300,-0.903650,-1.264776,-0.629502,1.265808
4.0400,-0.915798,-1.164468,-0.617058,1.222683
4.0500,-0.926937,-1.063229,-0.605051,1.178777
4.0600,-0.937060,-0.961346,-0.593484,1.134470
4.0700,-0.946162,-0.859049,-0.582362,1.090046
4.0800,-0.954240,-0.756516,-0.571683,1.045710
4.0900,-0.961292,-0.653885,-0.561447,1.001590
4.1000,-0.967318,-0.551254,-0.551650,0.957757
4.1100,-0.972318,-0.448693,-0.542291,0.914225
4.1200,-0.976292,-0.346245,-0.533365,0.870967
4.1300,-0.979243,-0.243933,-0.524871,0.827921
4.1400,-0.981171,-0.141767,-0.516806,0.784995
4.1500,-0.982079,-0.039740,-0.509171,0.742075
4.1600,-0.981966,0.062162,-0.501965,0.699031
4.1700,-0.980836,0.163960,-0.495191,0.655718
4.1800,-0.978688,0.265682,-0.488852,0.611983
4.1900,-0.975522,0.367357,-0.482953,0.567668
4.2000,-0.971340,0.469019,-0.477501,0.522613
4.2100,-0.966142,0.570698,-0.472504,0.476660
4.2200,-0.959926,0.672427,-0.467971,0.429655
4.2300,-0.952693,0.774234,-0.463915,0.381452
4.2400,-0.944441,0.876145,-0.460347,0.331916
4.2500,-0.935170,0.978177,-0.457281,0.280929
4.2600,-0.924877,1.080342,-0.454733,0.228391
4.2700,-0.913562,1.182638,-0.452719,0.174230
4.2800,-0.901224,1.285051,-0.451254,0.118404
4.2900,-0.887861,1.387546,-0.450356,0.060909
4.3000,-0.873473,1.490066,-0.450042,0.001790
4.3100,-0.858060,1.592523,-0.450326,-0.058851
4.3200,-0.841623,1.694794,-0.451223,-0.120845
4.3300,-0.824165,1.796709,-0.452746,-0.183941
4.3400,-0.805691,1.898047,-0.454904,-0.247792
4.3500,-0.786207,1.998518,-0.457703,-0.311943
4.3600,-0.765725,2.097763,-0.461142,-0.375813
4.3700,-0.744258,2.195338,-0.465216,-0.438687
4.3800,-0.721825,2.290708,-0.469910,-0.499699
4.3900,-0.698453,2.383247,-0.475200,-0.557838
4.4000,-0.674172,2.472238,-0.481053,-0.611949
4.4100,-0.649023,2.556885,-0.487422,-0.660752
4.4200,-0.623052,2.636337,-0.494246,-0.702878
4.4300,-0.596316,2.709715,-0.501452,-0.736920
4.4400,-0.568881,2.776159,-0.508953,-0.761499
4.4500,-0.540819,2.834880,-0.516647,-0.775340
4.4600,-0.512211,2.885206,-0.524420,-0.777357
4.4700,-0.483144,2.926637,-0.532151,-0.766728
4.4800,-0.453709,2.958875,-0.539711,-0.742948
4.4900,-0.423998,2.981847,-0.546966,-0.705865
4.5000,-0.394102,2.995700,-0.553784,-0.655679
4.5100,-0.364113,3.000776,-0.560038,-0.592912
4.5200,-0.334115,2.997578,-0.565603,-0.518353
4.5300,-0.304187,2.986719,-0.570369,-0.432995
4.5400,-0.274403,2.968871,-0.574231,-0.337955
4.5500,-0.244831,2.944722,-0.577099,-0.234410
4.5600,-0.215528,2.914935,-0.578895,-0.123539
4.5700,-0.186549,2.880123,-0.579550,-0.006476
4.5800,-0.157940,2.840826,-0.579007,0.115719
4.5900,-0.129745,2.797506,-0.577221,0.242078
4.6000,-0.102002,2.750544,-0.574155,0.371733
4.6100,-0.074746,2.700241,-0.569778,0.503918
4.6200,-0.048008,2.646828,-0.564070,0.637963
4.6300,-0.021819,2.590472,-0.557015,0.773288
4.6400,0.003792,2.531285,-0.548602,0.909392
4.6500,0.028798,2.469338,-0.538826,1.045849
4.6600,0.053170,2.404662,-0.527685,1.182293
4.6700,0.076882,2.337266,-0.515181,1.318418
4.6800,0.099906,2.267138,-0.501318,1.453965
4.6900,0.122215,2.194252,-0.486104,1.588720
4.7000,0.143782,2.118578,-0.469547,1.722507
4.7100,0.164577,2.040085,-0.451658,1.855185
4.7200,0.184574,1.958744,-0.432448,1.986645
4.7300,0.203743,1.874537,-0.411929,2.116804
4.7400,0.222055,1.787456,-0.390116,2.245606
4.7500,0.239482,1.697511,-0.367022,2.373012
4.7600,0.255996,1.604731,-0.342661,2.499001
4.7700,0.271568,1.509173,-0.317047,2.623559
4.7800,0.286170,1.410922,-0.290194,2.746678
4.7900,0.299778,1.310101,-0.262118,2.868342
4.8000,0.312364,1.206876,-0.232832,2.988520
4.8100,0.323908,1.101470,-0.202353,3.107148
4.8200,0.334387,0.994166,-0.170695,3.224114
4.8300,0.343786,0.885328,-0.137876,3.339238
4.8400,0.352090,0.775413,-0.103917,3.452246
4.8500,0.359293,0.664991,-0.068840,3.562741
4.8600,0.365391,0.554760,-0.032672,3.670173
4.8700,0.370391,0.445569,0.004551,3.773809
4.8800,0.374309,0.338429,0.042788,3.872705
4.8900,0.377171,0.234521,0.081985,3.965688
4.9000,0.379015,0.135189,0.122077,4.051356
4.9100,0.379894,0.041911,0.162983,4.128106
4.9200,0.379878,-0.043752,0.204604,4.194193
4.9300,0.379050,-0.120244,0.246825,4.247831
4.9400,0.377509,-0.186121,0.289513,4.287336
4.9500,0.375367,-0.240180,0.332520,4.311285
4.9600,0.372747,-0.281584,0.375684,4.318675
4.9700,0.369779,-0.309953,0.418837,4.309059
4.9800,0.366592,-0.325423,0.461809,4.282605
4.9900,0.363311,-0.328627,0.504435,4.240093
5.0000,0.360056,-0.320632,0.546561,4.182827
5.0100,0.356932,-0.302822,0.588048,4.112494
5.0200,0.354027,-0.276774,0.628774,4.031002
5.0300,0.351418,-0.244128,0.668637,3.940317
5.0400,0.349161,-0.206483,0.707556,3.842338
5.0500,0.347300,-0.165319,0.745466,3.738796
5.0600,0.345862,-0.121951,0.782319,3.631211
5.0700,0.344865,-0.077510,0.818081,3.520860
5.0800,0.344313,-0.032941,0.852730,3.408792
5.0900,0.344204,0.010986,0.886254,3.295837
5.1000,0.344528,0.053657,0.918646,3.182640
5.1100,0.345271,0.094595,0.949907,3.069688
5.1200,0.346413,0.133436,0.980042,2.957337
5.1300,0.347932,0.169912,1.009057,2.845841
5.1400,0.349803,0.203832,1.036962,2.735374
5.1500,0.352000,0.235069,1.063768,2.626046
5.1600,0.354495,0.263547,1.089487,2.517920
5.1700,0.357261,0.289229,1.114131,2.411027
5.1800,0.360270,0.312113,1.137712,2.305370
5.1900,0.363494,0.332220,1.160242,2.200935
5.2000,0.366905,0.349594,1.181734,2.097697
5.2100,0.370477,0.364295,1.202200,1.995619
5.2200,0.374183,0.376396,1.221650,1.894663
5.2300,0.377997,0.385980,1.240097,1.794785
5.2400,0.381894,0.393138,1.257550,1.695941
5.2500,0.385852,0.397970,1.274019,1.598086
5.2600,0.389846,0.400578,1.289514,1.501174
5.2700,0.393856,0.401071,1.304045,1.405162
5.2800,0.397861,0.399560,1.317621,1.310006
5.2900,0.401841,0.396158,1.330248,1.215663
5.3000,0.405778,0.390982,1.341936,1.122091
5.3100,0.409655,0.384147,1.352692,1.029248
5.3200,0.413456,0.375774,1.362524,0.937092
5.3300,0.417166,0.365980,1.371436,0.845583
5.3400,0.420771,0.354884,1.379437,0.754680
5.3500,0.424260,0.342608,1.386532,0.664342
5.3600,0.427620,0.329269,1.392726,0.574527
5.3700,0.430842,0.314989,1.398024,0.485195
5.3800,0.433917,0.299885,1.402431,0.396302
5.3900,0.436837,0.284078,1.405951,0.307807
5.4000,0.439596,0.267685,1.408589,0.219665
5.4100,0.442189,0.250825,1.410346,0.131834
5.4200,0.444612,0.233615,1.411226,0.044268
5.4300,0.446861,0.216171,1.411232,-0.043079
5.4400,0.448935,0.198611,1.410365,-0.130252
5.4500,0.450833,0.181049,1.408627,-0.217298
5.4600,0.452556,0.163601,1.406019,-0.304265
5.4700,0.454106,0.146379,1.402542,-0.391202
5.4800,0.455485,0.129497,1.398195,-0.478157
5.4900,0.456697,0.113068,1.392979,-0.565179
5.5000,0.457748,0.097201,1.386891,-0.652319
5.5100,0.458644,0.082006,1.379932,-0.739626
5.5200,0.459391,0.067593,1.372098,-0.827152
5.5300,0.459998,0.054067,1.363388,-0.914946
5.5400,0.460476,0.041534,1.353798,-1.003059
5.5500,0.460833,0.030096,1.343325,-1.091541
5.5600,0.461081,0.019854,1.331966,-1.180443
5.5700,0.461234,0.010905,1.319715,-1.269812
5.5800,0.461304,0.003343,1.306568,-1.359696
5.5900,0.461306,-0.002743,1.292519,-1.450142
5.6000,0.461255,-0.007269,1.277563,-1.541192
5.6100,0.461166,-0.010157,1.261693,-1.632886
5.6200,0.461057,-0.011336,1.244903,-1.725258
5.6300,0.460945,-0.010746,1.227186,-1.818338
5.6400,0.460848,-0.008336,1.208534,-1.912147
5.6500,0.460785,-0.004070,1.188940,-2.006695
5.6600,0.460773,0.002072,1.168398,-2.101978
5.6700,0.460832,0.010090,1.146898,-2.197976
5.6800,0.460981,0.019960,1.124436,-2.294647
5.6900,0.461238,0.031630,1.101003,-2.391919
5.7000,0.461619,0.045012,1.076596,-2.489687
5.7100,0.462143,0.059975,1.051208,-2.587802
5.7200,0.462824,0.076341,1.024839,-2.686062
5.7300,0.463674,0.093871,0.997488,-2.784200
5.7400,0.464704,0.112261,0.969157,-2.881874
5.7500,0.465921,0.131127,0.939853,-2.978650
5.7600,0.467326,0.149998,0.909589,-3.073990
5.7700,0.468919,0.168308,0.878380,-3.167245
5.7800,0.470689,0.185390,0.846253,-3.257639
5.7900,0.472620,0.200478,0.813240,-3.344272
5.8000,0.474689,0.212710,0.779384,-3.426126
5.8100,0.476861,0.221150,0.744737,-3.502082
5.8200,0.479096,0.224809,0.709366,-3.570952
5.8300,0.481338,0.222692,0.673346,-3.631531
5.8400,0.483527,0.213846,0.636766,-3.682658
5.8500,0.485590,0.197418,0.599728,-3.723291
5.8600,0.487448,0.172717,0.562339,-3.752576
5.8700,0.489015,0.139266,0.524716,-3.769922
5.8800,0.490203,0.096837,0.486981,-3.775036
5.8900,0.490922,0.045476,0.449256,-3.767951
5.9000,0.491084,-0.014514,0.411661,-3.749008
5.9100,0.490605,-0.082596,0.374313,-3.718818
5.9200,0.489407,-0.158051,0.337320,-3.678197
5.9300,0.487422,-0.240030,0.300781,-3.628097
5.9400,0.484588,-0.327612,0.264786,-3.569528
5.9500,0.480854,-0.419860,0.229415,-3.503497
5.9600,0.476178,-0.515855,0.194738,-3.430961
5.9700,0.470527,-0.614735,0.160815,-3.352783
5.9800,0.463877,-0.715709,0.127699,-3.269724
5.9900,0.456209,-0.818067,0.095435,-3.182426
6.0000,0.447513,-0.921188,0.064062,-3.091422
6.0100,0.437784,-1.024529,0.033617,-2.997141
6.0200,0.427023,-1.127627,0.004129,-2.899922
6.0300,0.415234,-1.230088,-0.024373,-2.800031
6.0400,0.402425,-1.331578,-0.051863,-2.697671
6.0500,0.388606,-1.431817,-0.078318,-2.593000
6.0600,0.373793,-1.530571,-0.103716,-2.486146
6.0700,0.358001,-1.627645,-0.128034,-2.377212
6.0800,0.341246,-1.722877,-0.151253,-2.266296
6.0900,0.323550,-1.816130,-0.173354,-2.153491
6.1000,0.304931,-1.907291,-0.194317,-2.038902
6.1100,0.285411,-1.996261,-0.214126,-1.922644
6.1200,0.265013,-2.082955,-0.232765,-1.804860
6.1300,0.243760,-2.167292,-0.250219,-1.685718
6.1400,0.221675,-2.249195,-0.266476,-1.565420
6.1500,0.198784,-2.328582,-0.281524,-1.444212
6.1600,0.175112,-2.405359,-0.295358,-1.322387
6.1700,0.150686,-2.479418,-0.307971,-1.200289
6.1800,0.125534,-2.550624,-0.319364,-1.078329
6.1900,0.099684,-2.618814,-0.329540,-0.956983
6.2000,0.073168,-2.683784,-0.338508,-0.836803
6.2100,0.046020,-2.745284,-0.346282,-0.718424
6.2200,0.018275,-2.803010,-0.352884,-0.602569
6.2300,-0.010027,-2.856600,-0.358344,-0.490051
6.2400,-0.038842,-2.905630,-0.362700,-0.381768
6.2500,-0.068123,-2.949615,-0.365997,-0.278703
6.2600,-0.097816,-2.988019,-0.368294,-0.181902
6.2700,-0.127862,-3.020260,-0.369660,-0.092454
6.2800,-0.158198,-3.045739,-0.370172,-0.011456
6.2900,-0.188753,-3.063862,-0.369921,0.060033
6.3000,-0.219449,-3.074072,-0.369006,0.121045
6.3100,-0.250206,-3.075894,-0.367537,0.170756
6.3200,-0.280938,-3.068963,-0.365631,0.208551
6.3300,-0.311555,-3.053065,-0.363407,0.234062
6.3400,-0.341969,-3.028156,-0.360991,0.247209
6.3500,-0.372089,-2.994370,-0.358504,0.248210
6.3600,-0.401828,-2.952022,-0.356065,0.237570
6.3700,-0.431102,-2.901582,-0.353789,0.216051
6.3800,-0.459834,-2.843646,-0.351777,0.184622
6.3900,-0.487953,-2.778900,-0.350125,0.144400
6.4000,-0.515392,-2.708081,-0.348915,0.096584
6.4100,-0.542096,-2.631935,-0.348215,0.042400
6.4200,-0.568016,-2.551192,-0.348084,-0.016953
6.4300,-0.593107,-2.466537,-0.348567,-0.080340
6.4400,-0.617335,-2.378595,-0.349701,-0.146724
6.4500,-0.640670,-2.287923,-0.351509,-0.215175
6.4600,-0.663086,-2.195007,-0.354008,-0.284882
6.4700,-0.684564,-2.100259,-0.357208,-0.355152
6.4800,-0.705087,-2.004028,-0.361111,-0.425407
6.4900,-0.724641,-1.906603,-0.365715,-0.495171
6.5000,-0.743216,-1.808219,-0.371012,-0.564066
6.5100,-0.760803,-1.709068,-0.376992,-0.631796
6.5200,-0.777395,-1.609300,-0.383643,-0.698141
6.5300,-0.792987,-1.509039,-0.390950,-0.762942
6.5400,-0.807574,-1.408378,-0.398896,-0.826098
6.5500,-0.821153,-1.307394,-0.407466,-0.887549
6.5600,-0.833721,-1.206144,-0.416642,-0.947279
6.5700,-0.845276,-1.104676,-0.426406,-1.005297
6.5800,-0.855814,-1.003027,-0.436742,-1.061641
6.5900,-0.865336,-0.901228,-0.447633,-1.116367
6.6000,-0.873838,-0.799308,-0.459064,-1.169545
6.6100,-0.881321,-0.697294,-0.471019,-1.221255
6.6200,-0.887784,-0.595215,-0.483485,-1.271581
6.6300,-0.893226,-0.493101,-0.496447,-1.320605
6.6400,-0.897646,-0.390990,-0.509893,-1.368405
6.6500,-0.901046,-0.288929,-0.523811,-1.415049
6.6600,-0.903425,-0.186976,-0.538190,-1.460587
6.6700,-0.904786,-0.085201,-0.553019,-1.505051
6.6800,-0.905130,0.016307,-0.568288,-1.548442
6.6900,-0.904461,0.117436,-0.583984,-1.590730
6.7000,-0.902783,0.218051,-0.600098,-1.631843
6.7100,-0.900102,0.317990,-0.616617,-1.671661
6.7200,-0.896426,0.417054,-0.633527,-1.710011
6.7300,-0.891765,0.515011,-0.650811,-1.746661
6.7400,-0.886130,0.611591,-0.668453,-1.781314
6.7500,-0.879538,0.706484,-0.686430,-1.813606
6.7600,-0.872007,0.799341,-0.704716,-1.843108
6.7700,-0.863560,0.889779,-0.723281,-1.869326
6.7800,-0.854221,0.977388,-0.742090,-1.891715
6.7900,-0.844023,1.061741,-0.761101,-1.909692
6.8000,-0.832999,1.142407,-0.780267,-1.922651
6.8100,-0.821188,1.218968,-0.799535,-1.929994
6.8200,-0.808634,1.291044,-0.818846,-1.931155
6.8300,-0.795383,1.358305,-0.838136,-1.925630
6.8400,-0.781485,1.420495,-0.857335,-1.913007
6.8500,-0.766991,1.477445,-0.876371,-1.892984
6.8600,-0.751954,1.529084,-0.895169,-1.865390
6.8700,-0.736427,1.575442,-0.913654,-1.830191
6.8800,-0.720462,1.616644,-0.931748,-1.787485
6.8900,-0.704111,1.652901,-0.949379,-1.737493
6.9000,-0.687420,1.684497,-0.966475,-1.680541
6.9100,-0.670435,1.711767,-0.982968,-1.617032
6.9200,-0.653198,1.735079,-0.998795,-1.547426
6.9300,-0.635745,1.754814,-1.013898,-1.472214
6.9400,-0.618112,1.771351,-1.028222,-1.391894
6.9500,-0.600328,1.785053,-1.041720,-1.306955
6.9600,-0.582419,1.796253,-1.054348,-1.217864
6.9700,-0.564410,1.805252,-1.066065,-1.125055
6.9800,-0.546321,1.812311,-1.076838,-1.028920
6.9900,-0.528170,1.817648,-1.086634,-0.929816
7.0000,-0.509973,1.821443,-1.095425,-0.828055
7.0100,-0.491745,1.823832,-1.103187,-0.723912
7.0200,-0.473501,1.824918,-1.109896,-0.617625
7.0300,-0.455251,1.824765,-1.115533,-0.509401
7.0400,-0.437009,1.823406,-1.120078,-0.399419
7.0500,-0.418787,1.820846,-1.123516,-0.287835
7.0600,-0.400597,1.817065,-1.125830,-0.174783
7.0700,-0.382450,1.812017,-1.127007,-0.060382
7.0800,-0.364361,1.805637,-1.127034,0.055263
7.0900,-0.346342,1.797845,-1.125898,0.172057
7.1000,-0.328409,1.788542,-1.123589,0.289913
7.1100,-0.310577,1.777617,-1.120096,0.408751
7.1200,-0.292862,1.764949,-1.115411,0.528496
7.1300,-0.275284,1.750406,-1.109524,0.649076
7.1400,-0.257861,1.733848,-1.102427,0.770422
7.1500,-0.240614,1.715131,-1.094113,0.892470
7.1600,-0.223566,1.694104,-1.084575,1.015159
7.1700,-0.206740,1.670614,-1.073808,1.138428
7.1800,-0.190162,1.644506,-1.061805,1.262223
7.1900,-0.173859,1.615624,-1.048562,1.386496
7.2000,-0.157860,1.583813,-1.034074,1.511202
7.2100,-0.142193,1.548920,-1.018336,1.636306
7.2200,-0.126892,1.510795,-1.001346,1.761780
7.2300,-0.111989,1.469294,-0.983100,1.887607
7.2400,-0.097518,1.424276,-0.963593,2.013781
7.2500,-0.083515,1.375608,-0.942823,2.140311
7.2600,-0.070018,1.323168,-0.920786,2.267218
7.2700,-0.057065,1.266840,-0.897477,2.394539
7.2800,-0.044695,1.206521,-0.872893,2.522329
7.2900,-0.032948,1.142123,-0.847029,2.650656
7.3000,-0.021866,1.073574,-0.819878,2.779602
7.3100,-0.011491,1.000823,-0.791434,2.909265
7.3200,-0.001864,0.923842,-0.761690,3.039744
7.3300,0.006972,0.842637,-0.730636,3.171145
7.3400,0.014975,0.757256,-0.698264,3.303560
7.3500,0.022104,0.667796,-0.664562,3.437056
7.3600,0.028318,0.574427,-0.629519,3.571658
7.3700,0.033580,0.477408,-0.593125,3.707312
7.3800,0.037855,0.377115,-0.555370,3.843857
7.3900,0.041113,0.274083,-0.516246,3.980966
7.4000,0.043330,0.169043,-0.475750,4.118094
7.4100,0.044491,0.062978,-0.433887,4.254395
7.4200,0.044590,-0.042819,-0.390669,4.388645
7.4300,0.043641,-0.146691,-0.346126,4.519158
7.4400,0.041670,-0.246576,-0.300306,4.643714
7.4500,0.038730,-0.340000,-0.253281,4.759543
7.4600,0.034901,-0.424129,-0.205155,4.863368
7.4700,0.030289,-0.495912,-0.156066,4.951578
7.4800,0.025034,-0.552319,-0.106188,5.020521
7.4900,0.019303,-0.590666,-0.055730,5.066922
7.5000,0.013288,-0.608976,-0.004933,5.088349
7.5100,0.007194,-0.606281,0.045949,5.083606
7.5200,0.001231,-0.582790,0.096653,5.052950
7.5300,-0.004397,-0.539850,0.146927,4.998043
7.5400,-0.009508,-0.479724,0.196542,4.921665
7.5500,-0.013944,-0.405262,0.245300,4.827279
7.5600,-0.017576,-0.319536,0.293040,4.718570
7.5700,-0.020307,-0.225548,0.339636,4.599068
7.5800,-0.022068,-0.126019,0.384996,4.471896
7.5900,-0.022817,-0.023286,0.429057,4.339643
7.6000,-0.022530,0.080732,0.471779,4.204346
7.6100,-0.021203,0.184508,0.513139,4.067530
7.6200,-0.018844,0.286866,0.553128,3.930288
7.6300,-0.015473,0.386915,0.591746,3.793358
7.6400,-0.011116,0.484002,0.628998,3.657208
7.6500,-0.005805,0.577653,0.664893,3.522108
7.6600,0.000424,0.667538,0.699444,3.388182
7.6700,0.007533,0.753436,0.732661,3.255456
7.6800,0.015479,0.835206,0.764557,3.123892
7.6900,0.024223,0.912773,0.795142,2.993415
7.7000,0.033721,0.986108,0.824428,2.863929
7.7100,0.043931,1.055220,0.852424,2.735331
7.7200,0.054811,1.120147,0.879138,2.607521
7.7300,0.066320,1.180950,0.904577,2.480408
7.7400,0.078417,1.237709,0.928748,2.353912
7.7500,0.091061,1.290519,0.951657,2.227969
7.7600,0.104214,1.339488,0.973309,2.102528
7.7700,0.117838,1.384734,0.993709,1.977554
7.7800,0.131897,1.426383,1.012861,1.853027
7.7900,0.146355,1.464572,1.030771,1.728939
7.8000,0.161177,1.499442,1.047442,1.605296
7.8100,0.176333,1.531137,1.062878,1.482113
7.8200,0.191790,1.559809,1.077085,1.359415
7.8300,0.207519,1.585610,1.090068,1.237235
7.8400,0.223493,1.608695,1.101832,1.115612
7.8500,0.239685,1.629217,1.112383,0.994589
7.8600,0.256069,1.647332,1.121726,0.874215
7.8700,0.272624,1.663192,1.129869,0.754541
7.8800,0.289326,1.676946,1.136819,0.635620
7.8900,0.306156,1.688739,1.142584,0.517509
7.9000,0.323095,1.698710,1.147172,0.400265
7.9100,0.340125,1.706992,1.150593,0.283947
7.9200,0.357230,1.713709,1.152855,0.168617
7.9300,0.374394,1.718976,1.153969,0.054341
7.9400,0.391605,1.722894,1.153945,-0.058814
7.9500,0.408848,1.725555,1.152796,-0.170771
7.9600,0.426112,1.727032,1.150534,-0.281449
7.9700,0.443385,1.727383,1.147172,-0.390755
7.9800,0.460656,1.726646,1.142724,-0.498584
7.9900,0.477914,1.724836,1.137205,-0.604818
8.0000,0.495149,1.721946,1.130633,-0.709317
8.0100,0.512349,1.717939,1.123025,-0.811921
8.0200,0.529504,1.712750,1.114402,-0.912444
8.0300,0.546600,1.706282,1.104784,-1.010668
8.0400,0.563625,1.698401,1.094197,-1.106345
8.0500,0.580563,1.688938,1.082667,-1.199190
8.0600,0.597397,1.677685,1.070224,-1.288881
8.0700,0.614110,1.664396,1.056901,-1.375057
8.0800,0.630678,1.648791,1.042735,-1.457323
8.0900,0.647077,1.630555,1.027769,-1.535252
8.1000,0.663279,1.609351,1.012046,-1.608396
8.1100,0.679253,1.584823,0.995618,-1.676297
8.1200,0.694963,1.556613,0.978539,-1.738498
8.1300,0.710372,1.524371,0.960869,-1.794572
8.1400,0.725436,1.487776,0.942670,-1.844133
8.1500,0.740112,1.446553,0.924009,-1.886865
8.1600,0.754351,1.400487,0.904956,-1.922541
8.1700,0.768105,1.349439,0.885582,-1.951038
8.1800,0.781323,1.293357,0.865959,-1.972353
8.1900,0.793955,1.232278,0.846159,-1.986605
8.2000,0.805952,1.166331,0.826250,-1.994028
8.2100,0.817266,1.095725,0.806300,-1.994964
8.2200,0.827852,1.020742,0.786371,-1.989839
8.2300,0.837668,0.941717,0.766521,-1.979145
8.2400,0.846674,0.859023,0.746805,-1.963410
8.2500,0.854837,0.773051,0.727268,-1.943174
8.2600,0.862126,0.684198,0.707954,-1.918969
8.2700,0.868513,0.592850,0.688900,-1.891295
8.2800,0.873976,0.499372,0.670139,-1.860611
8.2900,0.878494,0.404101,0.651697,-1.827324
8.3000,0.882053,0.307343,0.633600,-1.791781
8.3100,0.884637,0.209369,0.615868,-1.754271
8.3200,0.886237,0.110415,0.598520,-1.715024
8.3300,0.886843,0.010684,0.581573,-1.674217
8.3400,0.886448,-0.089649,0.565040,-1.631973
8.3500,0.885048,-0.190439,0.548938,-1.588375
8.3600,0.882639,-0.291563,0.533277,-1.543465
8.3700,0.879216,-0.392918,0.518073,-1.497255
8.3800,0.874780,-0.494420,0.503337,-1.449730
8.3900,0.869328,-0.595996,0.489083,-1.400855
8.4000,0.862860,-0.697586,0.475324,-1.350581
8.4100,0.855376,-0.799137,0.462076,-1.298850
8.4200,0.846877,-0.900604,0.449352,-1.245601
8.4300,0.837364,-1.001941,0.437169,-1.190774
8.4400,0.826839,-1.103106,0.425542,-1.134314
8.4500,0.815303,-1.204054,0.414488,-1.076180
8.4600,0.802759,-1.304735,0.404024,-1.016346
8.4700,0.789209,-1.405093,0.394167,-0.954809
8.4800,0.774658,-1.505059,0.384934,-0.891594
8.4900,0.759110,-1.604553,0.376341,-0.826764
8.5000,0.742569,-1.703475,0.368403,-0.760421
8.5100,0.725043,-1.801703,0.361137,-0.692718
8.5200,0.706538,-1.899084,0.354553,-0.623868
8.5300,0.687064,-1.995435,0.348662,-0.554152
8.5400,0.666633,-2.090529,0.343472,-0.483929
8.5500,0.645259,-2.184094,0.338984,-0.413644
8.5600,0.622958,-2.275801,0.335197,-0.343840
8.5700,0.599750,-2.365265,0.332103,-0.275164
8.5800,0.575661,-2.452035,0.329688,-0.208372
8.5900,0.550720,-2.535594,0.327927,-0.144329
8.6000,0.524962,-2.615362,0.326789,-0.084004
8.6100,0.498428,-2.690702,0.326231,-0.028454
8.6200,0.471165,-2.760933,0.326200,0.021194
8.6300,0.443228,-2.825353,0.326631,0.063782
8.6400,0.414680,-2.883261,0.327448,0.098165
8.6500,0.385587,-2.933995,0.328563,0.123259
8.6600,0.356026,-2.976964,0.329879,0.138104
8.6700,0.326075,-3.011683,0.331289,0.141913
8.6800,0.295821,-3.037805,0.332679,0.134128
8.6900,0.265349,-3.055143,0.333931,0.114449
8.7000,0.234747,-3.063674,0.334928,0.082854
8.7100,0.204104,-3.063542,0.335550,0.039594
8.7200,0.173504,-3.055035,0.335682,-0.014831
8.7300,0.143030,-3.038564,0.335218,-0.079712
8.7400,0.112758,-3.014624,0.334056,-0.154175
8.7500,0.082760,-2.983767,0.332106,-0.237242
8.7600,0.053104,-2.946562,0.329286,-0.327874
8.7700,0.023849,-2.903573,0.325527,-0.425020
8.7800,-0.004950,-2.855337,0.320768,-0.527654
8.7900,-0.033242,-2.802344,0.314959,-0.634798
8.8000,-0.060983,-2.745034,0.308060,-0.745546
8.8100,-0.088130,-2.683792,0.300038,-0.859069
8.8200,-0.114647,-2.618947,0.290871,-0.974624
8.8300,-0.140498,-2.550776,0.280541,-1.091552
8.8400,-0.165652,-2.479512,0.269038,-1.209274
8.8500,-0.190078,-2.405348,0.256355,-1.327285
8.8600,-0.213750,-2.328445,0.242493,-1.445153
8.8700,-0.236639,-2.248938,0.227454,-1.562506
8.8800,-0.258720,-2.166946,0.211245,-1.679027
8.8900,-0.279970,-2.082574,0.193877,-1.794450
8.9000,-0.300364,-1.995923,0.175361,-1.908550
8.9100,-0.319881,-1.907092,0.155711,-2.021138
8.9200,-0.338499,-1.816188,0.134943,-2.132054
8.9300,-0.356198,-1.723325,0.113076,-2.241160
8.9400,-0.372959,-1.628634,0.090127,-2.348334
8.9500,-0.388765,-1.532266,0.066116,-2.453464
8.9600,-0.403600,-1.434396,0.041065,-2.556433
8.9700,-0.417449,-1.335230,0.014995,-2.657118
8.9800,-0.430301,-1.235011,-0.012070,-2.755376
8.9900,-0.442146,-1.134024,-0.040104,-2.851032
9.0000,-0.452980,-1.032605,-0.069081,-2.943870
9.0100,-0.462798,-0.931145,-0.098971,-3.033617
9.0200,-0.471604,-0.830097,-0.129742,-3.119932
9.0300,-0.479403,-0.729984,-0.161357,-3.202394
9.0400,-0.486209,-0.631399,-0.193775,-3.280490
9.0500,-0.492039,-0.535010,-0.226950,-3.353613
9.0600,-0.496919,-0.441550,-0.260828,-3.421057
9.0700,-0.500882,-0.351810,-0.295350,-3.482033
9.0800,-0.503970,-0.266620,-0.330445,-3.535681
9.0900,-0.506232,-0.186816,-0.366036,-3.581109
9.1000,-0.507727,-0.113209,-0.402037,-3.617432
9.1100,-0.508520,-0.046534,-0.438351,-3.643836
9.1200,-0.508683,0.012595,-0.474878,-3.659630
9.1300,-0.508295,0.063729,-0.511507,-3.664313
9.1400,-0.507436,0.106626,-0.548126,-3.657621
9.1500,-0.506190,0.141270,-0.584621,-3.639558
9.1600,-0.504637,0.167879,-0.620880,-3.610405
9.1700,-0.502857,0.186888,-0.656794,-3.570707
9.1800,-0.500923,0.198914,-0.692262,-3.521226
9.1900,-0.498900,0.204716,-0.727189,-3.462894
9.2000,-0.496846,0.205144,-0.761494,-3.396747
9.2100,-0.494812,0.201086,-0.795102,-3.323865
9.2200,-0.492837,0.193428,-0.827952,-3.245315
9.2300,-0.490952,0.183018,-0.859993,-3.162114
9.2400,-0.489183,0.170639,-0.891182,-3.075193
9.2500,-0.487544,0.156994,-0.921487,-2.985386
9.2600,-0.486045,0.142702,-0.950882,-2.893414
9.2700,-0.484690,0.128290,-0.979350,-2.799895
9.2800,-0.483478,0.114203,-1.006877,-2.705339
9.2900,-0.482404,0.100806,-1.033455,-2.610169
9.3000,-0.481459,0.088393,-1.059079,-2.514719
9.3100,-0.480632,0.077196,-1.083749,-2.419258
9.3200,-0.479910,0.067392,-1.107465,-2.323988
9.3300,-0.479279,0.059111,-1.130230,-2.229064
9.3400,-0.478723,0.052442,-1.152048,-2.134599
9.3500,-0.478225,0.047442,-1.172924,-2.040670
9.3600,-0.477768,0.044140,-1.192863,-1.947327
9.3700,-0.477336,0.042541,-1.211872,-1.854597
9.3800,-0.476912,0.042629,-1.229957,-1.762490
9.3900,-0.476478,0.044372,-1.247124,-1.671001
9.4000,-0.476019,0.047727,-1.263379,-1.580114
9.4100,-0.475518,0.052636,-1.278729,-1.489804
9.4200,-0.474961,0.059035,-1.293177,-1.400040
9.4300,-0.474333,0.066849,-1.306731,-1.310785
9.4400,-0.473620,0.075998,-1.319395,-1.221997
9.4500,-0.472809,0.086397,-1.331172,-1.133634
9.4600,-0.471888,0.097957,-1.342069,-1.045648
9.4700,-0.470846,0.110582,-1.352086,-0.957993
9.4800,-0.469673,0.124176,-1.361229,-0.870619
9.4900,-0.468360,0.138639,-1.369500,-0.783476
9.5000,-0.466898,0.153869,-1.376899,-0.696514
9.5100,-0.465280,0.169760,-1.383430,-0.609684
9.5200,-0.463501,0.186208,-1.389093,-0.522934
9.5300,-0.461554,0.203103,-1.393889,-0.436216
9.5400,-0.459438,0.220338,-1.397818,-0.349480
9.5500,-0.457147,0.237800,-1.400878,-0.262676
9.5600,-0.454681,0.255379,-1.403071,-0.175757
9.5700,-0.452039,0.272962,-1.404393,-0.088674
9.5800,-0.449222,0.290434,-1.404844,-0.001383
9.5900,-0.446231,0.307680,-1.404420,0.086164
9.6000,-0.443070,0.324586,-1.403119,0.174012
9.6100,-0.439741,0.341034,-1.400938,0.262203
9.6200,-0.436251,0.356907,-1.397874,0.350782
9.6300,-0.432605,0.372086,-1.393921,0.439790
9.6400,-0.428812,0.386453,-1.389077,0.529269
9.6500,-0.424880,0.399888,-1.383334,0.619259
9.6600,-0.420818,0.412271,-1.376690,0.709799
9.6700,-0.416638,0.423483,-1.369136,0.800929
9.6800,-0.412352,0.433402,-1.360669,0.892687
9.6900,-0.407975,0.441908,-1.351280,0.985112
9.7000,-0.403519,0.448881,-1.340964,1.078241
9.7100,-0.399003,0.454202,-1.329713,1.172114
9.7200,-0.394441,0.457750,-1.317519,1.266769
9.7300,-0.389854,0.459409,-1.304375,1.362244
9.7400,-0.385260,0.459061,-1.290272,1.458581
9.7500,-0.380680,0.456593,-1.275200,1.555819
9.7600,-0.376135,0.451893,-1.259152,1.654001
9.7700,-0.371650,0.444853,-1.242117,1.753169
9.7800,-0.367246,0.435371,-1.224085,1.853366
9.7900,-0.362951,0.423348,-1.205046,1.954635
9.8000,-0.358788,0.408694,-1.184989,2.057021
9.8100,-0.354786,0.391328,-1.163902,2.160565
9.8200,-0.350971,0.371181,-1.141774,2.265306
9.8300,-0.347372,0.348196,-1.118592,2.371276
9.8400,-0.344017,0.322337,-1.094344,2.478498
9.8500,-0.340935,0.293589,-1.069017,2.586985
9.8600,-0.338154,0.261966,-1.042600,2.696724
9.8700,-0.335705,0.227516,-1.015079,2.807680
9.8800,-0.333613,0.190335,-0.986443,2.919775
9.8900,-0.331907,0.150572,-0.956680,3.032881
9.9000,-0.330610,0.108448,-0.925782,3.146800
9.9100,-0.329745,0.064268,-0.893742,3.261243
9.9200,-0.329330,0.018443,-0.860557,3.375808
9.9300,-0.329379,-0.028492,-0.826228,3.489948
9.9400,-0.329901,-0.075851,-0.790762,3.602942
9.9500,-0.330895,-0.122779,-0.754176,3.713862
9.9600,-0.332352,-0.168235,-0.716495,3.821552
9.9700,-0.334251,-0.210979,-0.677760,3.924602
9.9800,-0.336558,-0.249585,-0.638024,4.021362
9.9900,-0.339223,-0.282466,-0.597360,4.109968
10.0000,-0.342182,-0.307937,-0.555859,4.188412
10.0100,-0.345352,-0.324307,-0.513632,4.254661
10.0200,-0.348633,-0.329999,-0.470813,4.306802
10.0300,-0.351912,-0.323687,-0.427549,4.343221
10.0400,-0.355063,-0.304436,-0.384004,4.362769
10.0500,-0.357956,-0.271794,-0.340352,4.364891
10.0600,-0.360455,-0.225850,-0.296764,4.349688
10.0700,-0.362430,-0.167213,-0.253413,4.317888
10.0800,-0.363760,-0.096937,-0.210458,4.270749
10.0900,-0.364335,-0.016405,-0.168044,4.209899
10.1000,-0.364059,0.072814,-0.126300,4.137163
10.1100,-0.362855,0.169086,-0.085334,4.054399
10.1200,-0.360659,0.270819,-0.045239,3.963366
10.1300,-0.357425,0.376541,-0.006089,3.865641
10.1400,-0.353120,0.484937,0.032056,3.762570
10.1500,-0.347721,0.594871,0.069148,3.655256
10.1600,-0.341220,0.705382,0.105150,3.544569
10.1700,-0.333614,0.815675,0.140031,3.431172
10.1800,-0.324910,0.925100,0.173766,3.315549
10.1900,-0.315117,1.033136,0.206335,3.198044
10.2000,-0.304253,1.139364,0.237721,3.078886
10.2100,-0.292337,1.243458,0.267908,2.958221
10.2200,-0.279392,1.345165,0.296881,2.836135
10.2300,-0.265442,1.444290,0.324626,2.712671
10.2400,-0.250515,1.540691,0.351130,2.587849
10.2500,-0.234638,1.634267,0.376379,2.461677
10.2600,-0.217839,1.724950,0.400359,2.334159
10.2700,-0.200149,1.812701,0.423057,2.205307
10.2800,-0.181595,1.897506,0.444461,2.075145
10.2900,-0.162208,1.979368,0.464556,1.943714
10.3000,-0.142018,2.058308,0.483331,1.811076
10.3100,-0.121052,2.134355,0.500774,1.677319
10.3200,-0.099340,2.207549,0.516874,1.542555
10.3300,-0.076910,2.277929,0.531622,1.406932
10.3400,-0.053791,2.345535,0.545010,1.270628
10.3500,-0.030009,2.410399,0.557033,1.133863
10.3600,-0.005592,2.472538,0.567687,0.996897
10.3700,0.019433,2.531951,0.576971,0.860041
10.3800,0.045038,2.588609,0.584889,0.723659
10.3900,0.071196,2.642446,0.591447,0.588179
10.4000,0.097877,2.693352,0.596657,0.454100
10.4100,0.125052,2.741161,0.600536,0.321999
10.4200,0.152689,2.785645,0.603106,0.192541
10.4300,0.180753,2.826504,0.604398,0.066487
10.4400,0.209206,2.863358,0.604450,-0.055305
10.4500,0.238006,2.895750,0.603310,-0.171879
10.4600,0.267104,2.923140,0.601033,-0.282188
10.4700,0.296450,2.944924,0.597690,-0.385118
10.4800,0.325982,2.960445,0.593360,-0.479512
10.4900,0.355636,2.969026,0.588132,-0.564219
10.5000,0.385337,2.970005,0.582111,-0.638151
10.5100,0.415008,2.962786,0.575409,-0.700349
10.5200,0.444564,2.946882,0.568146,-0.750057
10.5300,0.473916,2.921967,0.560451,-0.786785
10.5400,0.502973,2.887909,0.552454,-0.810365
10.5500,0.531644,2.844797,0.544287,-0.820973
10.5600,0.559840,2.792937,0.536076,-0.819132
10.5700,0.587475,2.732835,0.527943,-0.805674
10.5800,0.614471,2.665163,0.519998,-0.781686
10.5900,0.640756,2.590709,0.512340,-0.748436
10.6000,0.666265,2.510325,0.505055,-0.707289
10.6100,0.690945,2.424879,0.498216,-0.659635
10.6200,0.714749,2.335214,0.491880,-0.606820
10.6300,0.737638,2.242112,0.486093,-0.550100
10.6400,0.759582,2.146279,0.480887,-0.490607
10.6500,0.780557,2.048330,0.476286,-0.429328
10.6600,0.800543,1.948789,0.472304,-0.367106
10.6700,0.819529,1.848091,0.468945,-0.304638
10.6800,0.837503,1.746589,0.466210,-0.242484
10.6900,0.854459,1.644562,0.464093,-0.181085
10.7000,0.870393,1.542228,0.462585,-0.120772
10.7100,0.885303,1.439751,0.461673,-0.061783
10.7200,0.899188,1.337249,0.461344,-0.004277
10.7300,0.912048,1.234806,0.461582,0.051653
10.7400,0.923884,1.132476,0.462372,0.105973
10.7500,0.934698,1.030290,0.463696,0.158692
10.7600,0.944491,0.928259,0.465540,0.209859
10.7700,0.953264,0.826382,0.467889,0.259552
10.7800,0.961019,0.724645,0.470727,0.307874
10.7900,0.967757,0.623027,0.474042,0.354948
10.8000,0.973479,0.521501,0.477822,0.400913
10.8100,0.978187,0.420036,0.482057,0.445918
10.8200,0.981880,0.318597,0.486738,0.490118
10.8300,0.984559,0.217149,0.491857,0.533675
10.8400,0.986223,0.115657,0.497410,0.576751
10.8500,0.986872,0.014089,0.503391,0.619507
10.8600,0.986505,-0.087586,0.509799,0.662097
10.8700,0.985120,-0.189393,0.516633,0.704668
10.8800,0.982716,-0.291351,0.523893,0.747354
10.8900,0.979292,-0.393467,0.531581,0.790272
10.9000,0.974846,-0.495740,0.539699,0.833516
10.9100,0.969377,-0.598150,0.548252,0.877154
10.9200,0.962883,-0.700660,0.557244,0.921218
10.9300,0.955364,-0.803206,0.566678,0.965696
10.9400,0.946819,-0.905698,0.576559,1.010528
10.9500,0.937250,-1.008006,0.586890,1.055591
10.9600,0.926660,-1.109960,0.597671,1.100689
10.9700,0.915053,-1.211339,0.608903,1.145545
10.9800,0.902436,-1.311864,0.620580,1.189787
10.9900,0.888820,-1.411194,0.632695,1.232940
11.0000,0.874218,-1.508921,0.645233,1.274418
11.0100,0.858648,-1.604567,0.658175,1.313524
11.0200,0.842135,-1.697584,0.671493,1.349448
11.0300,0.824707,-1.787372,0.685150,1.381285
11.0400,0.806400,-1.873282,0.699102,1.408054
11.0500,0.787257,-1.954647,0.713291,1.428732
11.0600,0.767325,-2.030810,0.727653,1.442299
11.0700,0.746660,-2.101157,0.742110,1.447787
11.0800,0.725323,-2.165155,0.756579,1.444341
11.0900,0.703379,-2.222385,0.770965,1.431264
11.1000,0.680899,-2.272575,0.785170,1.408067
11.1100,0.657952,-2.315608,0.799092,1.374493
11.1200,0.634610,-2.351534,0.812625,1.330527
11.1300,0.610944,-2.380552,0.825668,1.276387
11.1400,0.587021,-2.402995,0.838121,1.212493
11.1500,0.562905,-2.419291,0.849887,1.139428
11.1600,0.538654,-2.429936,0.860881,1.057894
11.1700,0.514323,-2.435455,0.871020,0.968658
11.1800,0.489960,-2.436373,0.880231,0.872517
11.1900,0.465609,-2.433190,0.888450,0.770260
11.2000,0.441309,-2.426363,0.895618,0.662643
11.2100,0.417093,-2.416293,0.901687,0.550367
11.2200,0.392993,-2.403320,0.906612,0.434074
11.2300,0.369035,-2.387719,0.910357,0.314339
11.2400,0.345246,-2.369705,0.912889,0.191675
11.2500,0.321649,-2.349432,0.914182,0.066530
11.2600,0.298265,-2.327003,0.914213,-0.060701
11.2700,0.275116,-2.302473,0.912962,-0.189675
11.2800,0.252222,-2.275855,0.910415,-0.320090
11.2900,0.229606,-2.247127,0.906557,-0.451682
11.3000,0.207287,-2.216238,0.901378,-0.584219
11.3100,0.185288,-2.183113,0.894870,-0.717495
11.3200,0.163632,-2.147655,0.887026,-0.851329
11.3300,0.142343,-2.109754,0.877842,-0.985558
11.3400,0.121446,-2.069288,0.867314,-1.120039
11.3500,0.100967,-2.026129,0.855441,-1.254645
11.3600,0.080933,-1.980143,0.842221,-1.389263
11.3700,0.061374,-1.931194,0.827656,-1.523798
11.3800,0.042319,-1.879150,0.811746,-1.658169
11.3900,0.023801,-1.823879,0.794493,-1.792310
11.4000,0.005853,-1.765259,0.775900,-1.926173
11.4100,-0.011492,-1.703173,0.755971,-2.059726
11.4200,-0.028199,-1.637517,0.734707,-2.192953
11.4300,-0.044230,-1.568198,0.712113,-2.325859
11.4400,-0.059550,-1.495139,0.688191,-2.458463
11.4500,-0.074121,-1.418280,0.662944,-2.590801
11.4600,-0.087903,-1.337584,0.636376,-2.722925
11.4700,-0.100859,-1.253037,0.608486,-2.854894
11.4800,-0.112951,-1.164659,0.579278,-2.986776
11.4900,-0.124140,-1.072503,0.548751,-3.118632
11.5000,-0.134389,-0.976673,0.516905,-3.250511
11.5100,-0.143662,-0.877328,0.483741,-3.382430
11.5200,-0.151924,-0.774706,0.449257,-3.514355
11.5300,-0.159146,-0.669134,0.413454,-3.646170
11.5400,-0.165299,-0.561065,0.376334,-3.777644
11.5500,-0.170361,-0.451099,0.337903,-3.908383
11.5600,-0.174317,-0.340028,0.298171,-4.037778
11.5700,-0.177161,-0.228875,0.257155,-4.164943
11.5800,-0.178899,-0.118934,0.214884,-4.288651
11.5900,-0.179549,-0.011806,0.171399,-4.407274
11.6000,-0.179150,0.090584,0.126762,-4.518756
11.6100,-0.177761,0.186006,0.081056,-4.620615
11.6200,-0.175462,0.271997,0.034391,-4.710024
11.6300,-0.172361,0.346002,-0.013093,-4.783978
11.6400,-0.168590,0.405581,-0.061227,-4.839560
11.6500,-0.164304,0.448670,-0.109814,-4.874268
11.6600,-0.159676,0.473845,-0.158637,-4.886361
11.6700,-0.154889,0.480531,-0.207464,-4.875131
11.6800,-0.150126,0.469093,-0.256063,-4.841024
11.6900,-0.145564,0.440784,-0.304213,-4.785575
11.7000,-0.141360,0.397561,-0.351711,-4.711177
11.7100,-0.137654,0.341834,-0.398383,-4.620748
11.7200,-0.134557,0.276195,-0.444083,-4.517392
11.7300,-0.132155,0.203185,-0.488698,-4.404106
11.7400,-0.130510,0.125137,-0.532141,-4.283584
11.7500,-0.129662,0.044083,-0.574353,-4.158111
11.7600,-0.129632,-0.038277,-0.615293,-4.029535
11.7700,-0.130427,-0.120570,-0.654938,-3.899291
11.7800,-0.132040,-0.201712,-0.693277,-3.768446
11.7900,-0.134455,-0.280874,-0.730308,-3.637770
11.8000,-0.137649,-0.357430,-0.766035,-3.507788
11.8100,-0.141593,-0.430924,-0.800467,-3.378843
11.8200,-0.146256,-0.501031,-0.833616,-3.251142
11.8300,-0.151602,-0.567528,-0.865494,-3.124790
11.8400,-0.157594,-0.630276,-0.896116,-2.999825
11.8500,-0.164195,-0.689193,-0.925495,-2.876239
11.8600,-0.171365,-0.744250,-0.953645,-2.753995
11.8700,-0.179067,-0.795451,-0.980580,-2.633039
11.8800,-0.187261,-0.842831,-1.006310,-2.513311
11.8900,-0.195911,-0.886450,-1.030850,-2.394749
11.9000,-0.204978,-0.926381,-1.054209,-2.277294
11.9100,-0.214426,-0.962714,-1.076399,-2.160892
11.9200,-0.224221,-0.995552,-1.097430,-2.045498
11.9300,-0.234326,-1.025005,-1.117312,-1.931074
11.9400,-0.244710,-1.051191,-1.136055,-1.817589
11.9500,-0.255339,-1.074233,-1.153667,-1.705020
11.9600,-0.266184,-1.094261,-1.170158,-1.593351
11.9700,-0.277215,-1.111406,-1.185537,-1.482572
11.9800,-0.288403,-1.125806,-1.199813,-1.372678
11.9900,-0.299722,-1.137595,-1.212994,-1.263669
12.0000,-0.311147,-1.146913,-1.225089,-1.155547
12.0100,-0.322653,-1.153900,-1.236108,-1.048317
12.0200,-0.334218,-1.158692,-1.246058,-0.941986
12.0300,-0.345820,-1.161430,-1.254950,-0.836562
12.0400,-0.357440,-1.162250,-1.262793,-0.732051
12.0500,-0.369059,-1.161287,-1.269594,-0.628461
12.0600,-0.380660,-1.158674,-1.275365,-0.525797
12.0700,-0.392227,-1.154542,-1.280113,-0.424066
12.0800,-0.403746,-1.149018,-1.283849,-0.323269
12.0900,-0.415204,-1.142225,-1.286582,-0.223408
12.1000,-0.426587,-1.134282,-1.288321,-0.124483
12.1100,-0.437886,-1.125306,-1.289075,-0.026493
12.1200,-0.449090,-1.115407,-1.288854,0.070566
12.1300,-0.460191,-1.104689,-1.287666,0.166699
12.1400,-0.471181,-1.093251,-1.285523,0.261910
12.1500,-0.482054,-1.081188,-1.282431,0.356205
12.1600,-0.492803,-1.068584,-1.278402,0.449589
12.1700,-0.503424,-1.055519,-1.273443,0.542066
12.1800,-0.513912,-1.042062,-1.267563,0.633635
12.1900,-0.524264,-1.028277,-1.260773,0.724296
12.2000,-0.534477,-1.014214,-1.253080,0.814041
12.2100,-0.544548,-0.999914,-1.244495,0.902856
12.2200,-0.554475,-0.985407,-1.235026,0.990722
12.2300,-0.564255,-0.970709,-1.224684,1.077607
12.2400,-0.573888,-0.955822,-1.213478,1.163469
12.2500,-0.583371,-0.940730,-1.201418,1.248252
12.2600,-0.592702,-0.925403,-1.188517,1.331883
12.2700,-0.601878,-0.909788,-1.174785,1.414273
12.2800,-0.610897,-0.893814,-1.160236,1.495310
12.2900,-0.619753,-0.877386,-1.144883,1.574857
12.3000,-0.628442,-0.860385,-1.128744,1.652755
12.3100,-0.636958,-0.842667,-1.111834,1.728814
12.3200,-0.645293,-0.824062,-1.094174,1.802818
12.3300,-0.653436,-0.804375,-1.075786,1.874518
12.3400,-0.661376,-0.783382,-1.056693,1.943640
12.3500,-0.669098,-0.760840,-1.036923,2.009879
12.3600,-0.676587,-0.736482,-1.016506,2.072910
12.3700,-0.683821,-0.710028,-0.995476,2.132389
12.3800,-0.690779,-0.681186,-0.973871,2.187959
12.3900,-0.697436,-0.649664,-0.951731,2.239266
12.4000,-0.703763,-0.615178,-0.929101,2.285965
12.4100,-0.709729,-0.577460,-0.906028,2.327732
12.4200,-0.715300,-0.536272,-0.882564,2.364279
12.4300,-0.720442,-0.491412,-0.858761,2.395368
12.4400,-0.725116,-0.442727,-0.834675,2.420816
12.4500,-0.729283,-0.390120,-0.810364,2.440508
12.4600,-0.732905,-0.333552,-0.785885,2.454400
12.4700,-0.735941,-0.273043,-0.761295,2.462518
12.4800,-0.738353,-0.208676,-0.736653,2.464958
12.4900,-0.740102,-0.140586,-0.712014,2.461877
12.5000,-0.741153,-0.068958,-0.687433,2.453482
12.5100,-0.741470,0.005985,-0.662962,2.440020
12.5200,-0.741023,0.083987,-0.638649,2.421766
12.5300,-0.739781,0.164775,-0.614541,2.399007
12.5400,-0.737719,0.248062,-0.590683,2.372035
12.5500,-0.734813,0.333557,-0.567114,2.341132
12.5600,-0.731042,0.420974,-0.543872,2.306569
12.5700,-0.726388,0.510033,-0.520994,2.268593
12.5800,-0.720836,0.600466,-0.498511,2.227431
12.5900,-0.714375,0.692021,-0.476455,2.183284
12.6000,-0.706993,0.784458,-0.454855,2.136330
12.6100,-0.698683,0.877554,-0.433737,2.086722
12.6200,-0.689440,0.971102,-0.413129,2.034599
12.6300,-0.679261,1.064906,-0.393053,1.980080
12.6400,-0.668142,1.158782,-0.373535,1.923275
12.6500,-0.656085,1.252559,-0.354595,1.864289
12.6600,-0.643092,1.346069,-0.336256,1.803224
12.6700,-0.629165,1.439153,-0.318537,1.740188
12.6800,-0.614311,1.531652,-0.301458,1.675298
12.6900,-0.598535,1.623408,-0.285037,1.608688
12.7000,-0.581846,1.714259,-0.269290,1.540510
12.7100,-0.564253,1.804038,-0.254231,1.470946
12.7200,-0.545769,1.892567,-0.239875,1.400208
12.7300,-0.526407,1.979655,-0.226230,1.328549
12.7400,-0.506181,2.065094,-0.213306,1.256265
12.7500,-0.485111,2.148657,-0.201106,1.183701
12.7600,-0.463215,2.230089,-0.189631,1.111256
12.7700,-0.440517,2.309113,-0.178879,1.039390
12.7800,-0.417042,2.385416,-0.168840,0.968620
12.7900,-0.392819,2.458657,-0.159501,0.899528
12.8000,-0.367880,2.528460,-0.150842,0.832757
12.8100,-0.342263,2.594420,-0.142836,0.769004
12.8200,-0.316006,2.656102,-0.135449,0.709015
12.8300,-0.289156,2.713051,-0.128640,0.653570
12.8400,-0.261763,2.764801,-0.122360,0.603466
12.8500,-0.233879,2.810886,-0.116551,0.559496
12.8600,-0.205565,2.850859,-0.111147,0.522418
12.8700,-0.176884,2.884305,-0.106077,0.492931
12.8800,-0.147902,2.910860,-0.101261,0.471643
12.8900,-0.118691,2.930234,-0.096615,0.459040
12.9000,-0.089322,2.942217,-0.092050,0.455464
12.9100,-0.059871,2.946698,-0.087475,0.461093
12.9200,-0.030413,2.943666,-0.082797,0.475936
12.9300,-0.001023,2.933211,-0.077926,0.499826
12.9400,0.028227,2.915517,-0.072772,0.532437
12.9500,0.057264,2.890851,-0.067250,0.573299
12.9600,0.086022,2.859549,-0.061280,0.621820
12.9700,0.114435,2.821996,-0.054790,0.677321
12.9800,0.142442,2.778608,-0.047713,0.739060
12.9900,0.169989,2.729820,-0.039991,0.806261
13.0000,0.197022,2.676066,-0.031572,0.878140
13.0100,0.223495,2.617768,-0.022415,0.953930
13.0200,0.249364,2.555332,-0.012483,1.032891
13.0300,0.274589,2.489135,-0.001749,1.114327
13.0400,0.299135,2.419530,0.009810,1.197594
13.0500,0.322969,2.346836,0.022207,1.282103
13.0600,0.346062,2.271349,0.035454,1.367321
13.0700,0.368388,2.193335,0.049554,1.452772
13.0800,0.389921,2.113040,0.064509,1.538034
13.0900,0.410642,2.030689,0.080313,1.622735
13.1000,0.430529,1.946494,0.096960,1.706548
13.1100,0.449566,1.860654,0.114440,1.789187
13.1200,0.467737,1.773360,0.132739,1.870400
13.1300,0.485029,1.684802,0.151843,1.949964
13.1400,0.501430,1.595168,0.171733,2.027679
13.1500,0.516930,1.504650,0.192390,2.103364
13.1600,0.531521,1.413447,0.213793,2.176846
13.1700,0.545197,1.321769,0.235919,2.247959
13.1800,0.557955,1.229838,0.258743,2.316536
13.1900,0.569794,1.137891,0.282240,2.382401
13.2000,0.580714,1.046185,0.306382,2.445369
13.2100,0.590719,0.954993,0.331137,2.505234
13.2200,0.599816,0.864613,0.356475,2.561771
13.2300,0.608015,0.775361,0.382361,2.614726
13.2400,0.615328,0.687576,0.408757,2.663820
13.2500,0.621773,0.601612,0.435623,2.708749
13.2600,0.627368,0.517841,0.462917,2.749180
13.2700,0.632138,0.436639,0.490591,2.784765
13.2800,0.636110,0.358385,0.518595,2.815143
13.2900,0.639317,0.283448,0.546875,2.839953
13.3000,0.641792,0.212173,0.575374,2.858850
13.3100,0.643573,0.144871,0.604031,2.871521
13.3200,0.644703,0.081804,0.632783,2.877698
13.3300,0.645224,0.023173,0.661563,2.877181
13.3400,0.645182,-0.030892,0.690304,2.869847
13.3500,0.644622,-0.080343,0.718937,2.855664
13.3600,0.643590,-0.125213,0.747394,2.834695
13.3700,0.642133,-0.165618,0.775609,2.807102
13.3800,0.640292,-0.201752,0.803515,2.773133
13.3900,0.638111,-0.233875,0.831051,2.733121
13.4000,0.635627,-0.262302,0.858159,2.687460
13.4100,0.632876,-0.287391,0.884783,2.636594
13.4200,0.629889,-0.309522,0.910875,2.580997
13.4300,0.626694,-0.329089,0.936389,2.521155
13.4400,0.623315,-0.346482,0.961285,2.457551
13.4500,0.619770,-0.362082,0.985529,2.390651
13.4600,0.616078,-0.376245,1.009089,2.320896
13.4700,0.612249,-0.389301,1.031939,2.248690
13.4800,0.608294,-0.401549,1.054056,2.174401
13.4900,0.604220,-0.413253,1.075421,2.098355
13.5000,0.600030,-0.424644,1.096018,2.020839
13.5100,0.595728,-0.435918,1.115834,1.942096
13.5200,0.591312,-0.447240,1.134857,1.862336
13.5300,0.586782,-0.458744,1.153077,1.781731
13.5400,0.582136,-0.470535,1.170489,1.700423
13.5500,0.577370,-0.482695,1.187084,1.618524
13.5600,0.572481,-0.495282,1.202858,1.536122
13.5700,0.567463,-0.508333,1.217805,1.453285
13.5800,0.562312,-0.521866,1.231922,1.370058
13.5900,0.557024,-0.535885,1.245205,1.286474
13.6000,0.551593,-0.550379,1.257650,1.202550
13.6100,0.546015,-0.565323,1.269255,1.118292
13.6200,0.540285,-0.580682,1.280015,1.033697
13.6300,0.534400,-0.596412,1.289928,0.948754
13.6400,0.528356,-0.612459,1.298989,0.863445
13.6500,0.522150,-0.628762,1.307195,0.777748
13.6600,0.515780,-0.645252,1.314543,0.691637
13.6700,0.509245,-0.661855,1.321027,0.605083
13.6800,0.502543,-0.678492,1.326643,0.518054
13.6900,0.495675,-0.695077,1.331386,0.430518
13.7000,0.488642,-0.711521,1.335251,0.342443
13.7100,0.481445,-0.727730,1.338233,0.253795
13.7200,0.474088,-0.743607,1.340325,0.164543
13.7300,0.466575,-0.759049,1.341522,0.074654
13.7400,0.458909,-0.773952,1.341816,-0.015901
13.7500,0.451098,-0.788209,1.341201,-0.107153
13.7600,0.443148,-0.801708,1.339670,-0.199127
13.7700,0.435067,-0.814335,1.337216,-0.291850
13.7800,0.426864,-0.825974,1.333831,-0.385346
13.7900,0.418551,-0.836507,1.329507,-0.479636
13.8000,0.410138,-0.845812,1.324235,-0.574740
13.8100,0.401639,-0.853767,1.318009,-0.670677
13.8200,0.393068,-0.860247,1.310819,-0.767464
13.8300,0.384439,-0.865126,1.302657,-0.865117
13.8400,0.375771,-0.868277,1.293514,-0.963649
13.8500,0.367080,-0.869572,1.283381,-1.063076
13.8600,0.358386,-0.868881,1.272249,-1.163410
13.8700,0.349709,-0.866077,1.260110,-1.264666
13.8800,0.341072,-0.861031,1.246953,-1.366859
13.8900,0.332497,-0.853616,1.232769,-1.470004
13.9000,0.324008,-0.843705,1.217549,-1.574120
13.9100,0.315631,-0.831176,1.201284,-1.679228
13.9200,0.307394,-0.815906,1.183962,-1.785351
13.9300,0.299323,-0.797779,1.165573,-1.892515
13.9400,0.291448,-0.776682,1.146108,-2.000752
13.9500,0.283799,-0.752510,1.125554,-2.110094
13.9600,0.276408,-0.725165,1.103902,-2.220581
13.9700,0.269307,-0.694558,1.081139,-2.332251
13.9800,0.262528,-0.660613,1.057253,-2.445147
13.9900,0.256106,-0.623270,1.032232,-2.559309
14.0000,0.250074,-0.582489,1.006062,-2.674773
14.0100,0.244468,-0.538253,0.978732,-2.791565
14.0200,0.239321,-0.490579,0.950227,-2.909695
14.0300,0.234667,-0.439522,0.920533,-3.029149
14.0400,0.230541,-0.385188,0.889639,-3.149870
14.0500,0.226974,-0.327750,0.857532,-3.271750
14.0600,0.223996,-0.267462,0.824201,-3.394600
14.0700,0.221633,-0.204679,0.789638,-3.518127
14.0800,0.219909,-0.139888,0.753838,-3.641899
14.0900,0.218840,-0.073731,0.716801,-3.765307
14.1000,0.218436,-0.007043,0.678536,-3.887517
14.1100,0.218697,0.059124,0.639058,-4.007427
14.1200,0.219612,0.123465,0.598399,-4.123624
14.1300,0.221155,0.184418,0.556604,-4.234361
14.1400,0.223284,0.240164,0.513737,-4.337558
14.1500,0.225935,0.288678,0.469886,-4.430850
14.1600,0.229026,0.327819,0.425162,-4.511695
14.1700,0.232453,0.355468,0.379702,-4.577549
14.1800,0.236090,0.369714,0.333669,-4.626095
14.1900,0.239797,0.369054,0.287244,-4.655501
14.2000,0.243419,0.352574,0.240626,-4.664646
14.2100,0.246795,0.320066,0.194020,-4.653273
14.2200,0.249768,0.272051,0.147627,-4.622017
14.2300,0.252188,0.209706,0.101641,-4.572300
14.2400,0.253920,0.134707,0.056236,-4.506129
14.2500,0.254847,0.049035,0.011565,-4.425847
14.2600,0.254872,-0.045216,-0.032242,-4.333886
14.2700,0.253921,-0.145999,-0.075081,-4.232566
14.2800,0.251937,-0.251425,-0.116869,-4.123961
14.2900,0.248882,-0.359831,-0.157542,-4.009829
14.3000,0.244735,-0.469797,-0.197052,-3.891595
14.3100,0.239485,-0.580149,-0.235364,-3.770365
14.3200,0.233134,-0.689934,-0.272452,-3.646964
14.3300,0.225691,-0.798393,-0.308298,-3.521986
14.3400,0.217172,-0.904932,-0.342888,-3.395833
14.3500,0.207600,-1.009090,-0.376212,-3.268768
14.3600,0.197000,-1.110518,-0.408261,-3.140942
14.3700,0.185400,-1.208954,-0.439028,-3.012435
14.3800,0.172831,-1.304211,-0.468507,-2.883273
14.3900,0.159327,-1.396155,-0.496691,-2.753451
14.4000,0.144920,-1.484703,-0.523574,-2.622948
14.4100,0.129644,-1.569808,-0.549148,-2.491739
14.4200,0.113535,-1.651455,-0.573406,-2.359800
14.4300,0.096626,-1.729658,-0.596342,-2.227118
14.4400,0.078953,-1.804451,-0.617946,-2.093693
14.4500,0.060549,-1.875886,-0.638213,-1.959542
14.4600,0.041446,-1.944031,-0.657135,-1.824698
14.4700,0.021679,-2.008966,-0.674705,-1.689218
14.4800,0.001277,-2.070781,-0.690917,-1.553176
14.4900,-0.019727,-2.129570,-0.705767,-1.416669
14.5000,-0.041304,-2.185431,-0.719250,-1.279817
14.5100,-0.063426,-2.238460,-0.731363,-1.142763
14.5200,-0.086064,-2.288751,-0.742105,-1.005676
14.5300,-0.109192,-2.336383,-0.751477,-0.868751
14.5400,-0.132783,-2.381426,-0.759481,-0.732217
14.5500,-0.156812,-2.423926,-0.766123,-0.596335
14.5600,-0.181253,-2.463905,-0.771411,-0.461405
14.5700,-0.206082,-2.501353,-0.775355,-0.327772
14.5800,-0.231272,-2.536216,-0.777972,-0.195834
14.5900,-0.256797,-2.568396,-0.779279,-0.066046
14.6000,-0.282630,-2.597740,-0.779302,0.061071
14.6100,-0.308742,-2.624031,-0.778069,0.184926
14.6200,-0.335100,-2.646986,-0.775616,0.304850
14.6300,-0.361669,-2.666252,-0.771987,0.420095
14.6400,-0.388411,-2.681403,-0.767233,0.529841
14.6500,-0.415282,-2.691953,-0.761412,0.633202
14.6600,-0.442233,-2.697358,-0.754593,0.729247
14.6700,-0.469210,-2.697042,-0.746854,0.817029
14.6800,-0.496153,-2.690424,-0.738283,0.895625
14.6900,-0.522996,-2.676950,-0.728975,0.964187
14.7000,-0.549667,-2.656134,-0.719035,1.021994
14.7100,-0.576093,-2.627599,-0.708573,1.068515
14.7200,-0.602193,-2.591113,-0.697704,1.103454
14.7300,-0.627888,-2.546617,-0.686543,1.126787
14.7400,-0.653099,-2.494240,-0.675206,1.138778
14.7500,-0.677748,-2.434293,-0.663803,1.139969
14.7600,-0.701761,-2.367253,-0.652440,1.131149
14.7700,-0.725071,-2.293730,-0.641210,1.113303
14.7800,-0.747616,-2.214425,-0.630200,1.087548
14.7900,-0.769343,-2.130088,-0.619482,1.055068
14.8000,-0.790204,-2.041477,-0.609117,1.017050
14.8100,-0.810161,-1.949323,-0.599156,0.974637
14.8200,-0.829181,-1.854308,-0.589636,0.928885
14.8300,-0.847239,-1.757041,-0.580586,0.880736
14.8400,-0.864316,-1.658056,-0.572026,0.831010
14.8500,-0.880396,-1.557807,-0.563969,0.780396
14.8600,-0.895469,-1.456671,-0.556419,0.729458
14.8700,-0.909528,-1.354951,-0.549379,0.678642
14.8800,-0.922567,-1.252890,-0.542845,0.628290
14.8900,-0.934585,-1.150673,-0.536811,0.578649
14.9000,-0.945580,-1.048437,-0.531269,0.529886
14.9100,-0.955554,-0.946283,-0.526210,0.482099
14.9200,-0.964507,-0.844275,-0.521624,0.435331
14.9300,-0.972440,-0.742453,-0.517500,0.389572
14.9400,-0.979356,-0.640837,-0.513829,0.344778
14.9500,-0.985258,-0.539427,-0.510601,0.300870
14.9600,-0.990146,-0.438212,-0.507809,0.257744
14.9700,-0.994022,-0.337171,-0.505444,0.215276
14.9800,-0.996889,-0.236275,-0.503502,0.173326
14.9900,-0.998748,-0.135488,-0.501977,0.131743
15.0000,-0.999599,-0.034773,-0.500866,0.090367
15.0100,-0.999444,0.065912,-0.500169,0.049033
15.0200,-0.998281,0.166608,-0.499886,0.007576
15.0300,-0.996111,0.267357,-0.500018,-0.034171
15.0400,-0.992934,0.368199,-0.500571,-0.076369
15.0500,-0.988747,0.469170,-0.501548,-0.119172
15.0600,-0.983550,0.570303,-0.502957,-0.162726
15.0700,-0.977340,0.671623,-0.504805,-0.207161
15.0800,-0.970117,0.773147,-0.507103,-0.252589
15.0900,-0.961877,0.874880,-0.509861,-0.299099
15.1000,-0.952618,0.976814,-0.513089,-0.346751
15.1100,-0.942340,1.078919,-0.516800,-0.395568
15.1200,-0.931040,1.181143,-0.521004,-0.445530
15.1300,-0.918717,1.283404,-0.525714,-0.496563
15.1400,-0.905372,1.385585,-0.530939,-0.548528
15.1500,-0.891006,1.487522,-0.536687,-0.601210
15.1600,-0.875623,1.589003,-0.542964,-0.654308
15.1700,-0.859228,1.689752,-0.549773,-0.707416
15.1800,-0.841831,1.789425,-0.557111,-0.760015
15.1900,-0.823445,1.887601,-0.564969,-0.811461
15.2000,-0.804086,1.983778,-0.573334,-0.860977
15.2100,-0.783778,2.077370,-0.582180,-0.907653
15.2200,-0.762549,2.167716,-0.591474,-0.950456
15.2300,-0.740437,2.254087,-0.601172,-0.988245
15.2400,-0.717484,2.335712,-0.611218,-1.019806
15.2500,-0.693741,2.411806,-0.621543,-1.043901
15.2600,-0.669268,2.481609,-0.632067,-1.059324
15.2700,-0.644132,2.544433,-0.642697,-1.064969
15.2800,-0.618405,2.599704,-0.653331,-1.059901
15.2900,-0.592165,2.646999,-0.663857,-1.043416
15.3000,-0.565492,2.686083,-0.674159,-1.015084
15.3100,-0.538471,2.716909,-0.684119,-0.974777
15.3200,-0.511181,2.739626,-0.693616,-0.922663
15.3300,-0.483704,2.754546,-0.702534,-0.859179
15.3400,-0.456115,2.762117,-0.710763,-0.784988
15.3500,-0.428484,2.762880,-0.718201,-0.700918
15.3600,-0.400878,2.757427,-0.724752,-0.607904
15.3700,-0.373355,2.746359,-0.730332,-0.506933
15.3800,-0.345968,2.730256,-0.734867,-0.398995
15.3900,-0.318764,2.709653,-0.738292,-0.285043
15.4000,-0.291788,2.685022,-0.740551,-0.165975
15.4100,-0.265076,2.656764,-0.741597,-0.042611
15.4200,-0.238664,2.625208,-0.741392,0.084308
15.4300,-0.212582,2.590612,-0.739902,0.214123
15.4400,-0.186861,2.553166,-0.737101,0.346255
15.4500,-0.161528,2.513001,-0.732970,0.480195
15.4600,-0.136610,2.470198,-0.727493,0.615503
15.4700,-0.112133,2.424792,-0.720657,0.751793
15.4800,-0.088122,2.376782,-0.712455,0.888733
15.4900,-0.064606,2.326139,-0.702881,1.026034
15.5000,-0.041609,2.272811,-0.691934,1.163447
15.5100,-0.019159,2.216729,-0.679613,1.300758
15.5200,0.002717,2.157817,-0.665920,1.437783
15.5300,0.023988,2.095988,-0.650859,1.574368
15.5400,0.044626,2.031157,-0.634434,1.710385
15.5500,0.064601,1.963241,-0.616653,1.845730
15.5600,0.083881,1.892162,-0.597522,1.980323
15.5700,0.102433,1.817852,-0.577049,2.114104
15.5800,0.120227,1.740256,-0.555243,2.247037
15.5900,0.137227,1.659335,-0.532111,2.379101
15.6000,0.153402,1.575068,-0.507664,2.510292
15.6100,0.168718,1.487460,-0.481909,2.640619
15.6200,0.183140,1.396542,-0.454854,2.770099
15.6300,0.196638,1.302380,-0.426509,2.898749
15.6400,0.209177,1.205080,-0.396882,3.026575
15.6500,0.220729,1.104799,-0.365981,3.153566
15.6600,0.231264,1.001755,-0.333814,3.279671
15.6700,0.240756,0.896241,-0.300390,3.404782
15.6800,0.249182,0.788643,-0.265722,3.528707
15.6900,0.256524,0.679463,-0.229821,3.651140
15.7000,0.262768,0.569341,-0.192706,3.771620
15.7100,0.267910,0.459082,-0.154398,3.889495
15.7200,0.271953,0.349688,-0.114927,4.003871
15.7300,0.274911,0.242374,-0.074336,4.113579
15.7400,0.276812,0.138590,-0.032676,4.217144
15.7500,0.277700,0.040006,0.009981,4.312779
15.7600,0.277636,-0.051517,0.053546,4.398425
15.7700,0.276700,-0.134007,0.097909,4.471834
15.7800,0.274992,-0.205501,0.142934,4.530717
15.7900,0.272632,-0.264205,0.188467,4.572948
15.8000,0.269756,-0.308673,0.234332,4.596798
15.8100,0.266509,-0.337986,0.280338,4.601152
15.8200,0.263047,-0.351866,0.326289,4.585676
15.8300,0.259522,-0.350720,0.371987,4.550872
15.8400,0.256080,-0.335595,0.417246,4.498020
15.8500,0.252852,-0.308042,0.461894,4.429010
15.8600,0.249954,-0.269948,0.505780,4.346124
15.8700,0.247481,-0.223344,0.548778,4.251797
15.8800,0.245509,-0.170253,0.590786,4.148421
15.8900,0.244092,-0.112560,0.631724,4.038196
15.9000,0.243267,-0.051949,0.671533,3.923042
15.9100,0.243057,0.010142,0.710173,3.804563
15.9200,0.243471,0.072517,0.747618,3.684055
15.9300,0.244505,0.134209,0.783851,3.562528
15.9400,0.246150,0.194457,0.818867,3.440747
15.9500,0.248388,0.252673,0.852667,3.319273
15.9600,0.251195,0.308411,0.885255,3.198507
15.9700,0.254547,0.361349,0.916641,3.078719
15.9800,0.258412,0.411255,0.946834,2.960087
15.9900,0.262761,0.457974,0.975846,2.842715
16.0000,0.267561,0.501415,1.003692,2.726656
16.0100,0.272778,0.541528,1.030384,2.611927
16.0200,0.278380,0.578306,1.055935,2.498521
16.0300,0.284333,0.611769,1.080359,2.386412
16.0400,0.290605,0.641960,1.103668,2.275569
16.0500,0.297162,0.668943,1.125874,2.165954
16.0600,0.303973,0.692793,1.146991,2.057526
16.0700,0.311008,0.713599,1.167029,1.950246
16.0800,0.318235,0.731459,1.185999,1.844077
16.0900,0.325627,0.746479,1.203914,1.738984
16.1000,0.333156,0.758769,1.220782,1.634934
16.1100,0.340794,0.768446,1.236616,1.531898
16.1200,0.348516,0.775628,1.251424,1.429850
16.1300,0.356299,0.780437,1.265216,1.328764
16.1400,0.364118,0.782997,1.278002,1.228619
16.1500,0.371952,0.783434,1.289791,1.129393
16.1600,0.379780,0.781873,1.300593,1.031066
16.1700,0.387583,0.778441,1.310416,0.933619
16.1800,0.395343,0.773265,1.319268,0.837031
16.1900,0.403043,0.766470,1.327159,0.741283
16.2000,0.410667,0.758182,1.334097,0.646355
16.2100,0.418202,0.748524,1.340089,0.552223
16.2200,0.425633,0.737621,1.345144,0.458867
16.2300,0.432950,0.725592,1.349269,0.366261
16.2400,0.440142,0.712559,1.352471,0.274379
16.2500,0.447199,0.698639,1.354759,0.183194
16.2600,0.454112,0.683948,1.356137,0.092675
16.2700,0.460875,0.668601,1.356614,0.002793
16.2800,0.467482,0.652708,1.356195,-0.086486
16.2900,0.473928,0.636379,1.354886,-0.175196
16.3000,0.480209,0.619720,1.352693,-0.263374
16.3100,0.486322,0.602835,1.349621,-0.351056
16.3200,0.492265,0.585825,1.345674,-0.438280
16.3300,0.498038,0.568787,1.340856,-0.525085
16.3400,0.503641,0.551814,1.335173,-0.611510
16.3500,0.509075,0.534998,1.328627,-0.697592
16.3600,0.514342,0.518425,1.321222,-0.783371
16.3700,0.519445,0.502175,1.312961,-0.868883
16.3800,0.524387,0.486325,1.303845,-0.954162
16.3900,0.529173,0.470946,1.293878,-1.039240
16.4000,0.533807,0.456102,1.283061,-1.124144
16.4100,0.538297,0.441850,1.271396,-1.208897
16.4200,0.542647,0.428239,1.258884,-1.293517
16.4300,0.546864,0.415307,1.245526,-1.378010
16.4400,0.550955,0.403084,1.231324,-1.462378
16.4500,0.554928,0.391584,1.216279,-1.546608
16.4600,0.558789,0.380809,1.200392,-1.630673
16.4700,0.562546,0.370744,1.183666,-1.714532
16.4800,0.566206,0.361356,1.166103,-1.798122
16.4900,0.569776,0.352590,1.147705,-1.881359
16.5000,0.573260,0.344365,1.128477,-1.964132
16.5100,0.576664,0.336576,1.108424,-2.046301
16.5200,0.579992,0.329086,1.087553,-2.127689
16.5300,0.583246,0.321724,1.065874,-2.208084
16.5400,0.586427,0.314284,1.043396,-2.287229
16.5500,0.589531,0.306521,1.020134,-2.364823
16.5600,0.592555,0.298148,0.996106,-2.440516
16.5700,0.595491,0.288839,0.971332,-2.513908
16.5800,0.598327,0.278229,0.945837,-2.584553
16.5900,0.601050,0.265916,0.919651,-2.651958
16.6000,0.603639,0.251469,0.892810,-2.715597
16.6100,0.606071,0.234435,0.865354,-2.774911
16.6200,0.608317,0.214353,0.837328,-2.829334
16.6300,0.610346,0.190769,0.808785,-2.878303
16.6400,0.612119,0.163252,0.779782,-2.921283
16.6500,0.613597,0.131413,0.750381,-2.957788
16.6600,0.614732,0.094922,0.720649,-2.987404
16.6700,0.615479,0.053531,0.690657,-3.009807
16.6800,0.615786,0.007075,0.660478,-3.024782
16.6900,0.615603,-0.044505,0.630187,-3.032227
16.7000,0.614879,-0.101174,0.599859,-3.032159
16.7100,0.613563,-0.162795,0.569568,-3.024707
16.7200,0.611607,-0.229145,0.539388,-3.010096
16.7300,0.608965,-0.299923,0.509389,-2.988635
16.7400,0.605595,-0.374772,0.479637,-2.960691
16.7500,0.601458,-0.453289,0.450196,-2.926671
16.7600,0.596519,-0.535047,0.421123,-2.887000
16.7700,0.590747,-0.619609,0.392473,-2.842103
16.7800,0.584118,-0.706537,0.364297,-2.792391
16.7900,0.576610,-0.795407,0.336640,-2.738251
16.8000,0.568205,-0.885813,0.309545,-2.680038
16.8100,0.558890,-0.977374,0.283052,-2.618073
16.8200,0.548655,-1.069735,0.257195,-2.552643
16.8300,0.537494,-1.162566,0.232009,-2.484002
16.8400,0.525403,-1.255567,0.207525,-2.412377
16.8500,0.512383,-1.348462,0.183771,-2.337971
16.8600,0.498435,-1.440996,0.160774,-2.260970
16.8700,0.483565,-1.532937,0.138560,-2.181549
16.8800,0.467779,-1.624068,0.117151,-2.099881
16.8900,0.451087,-1.714187,0.096569,-2.016138
16.9000,0.433499,-1.803100,0.076834,-1.930503
16.9100,0.415030,-1.890623,0.057965,-1.843174
16.9200,0.395692,-1.976572,0.039976,-1.754372
16.9300,0.375504,-2.060763,0.022881,-1.664345
16.9400,0.354483,-2.143006,0.006692,-1.573374
16.9500,0.332651,-2.223103,-0.008584,-1.481783
16.9600,0.310029,-2.300840,-0.022943,-1.389940
16.9700,0.286643,-2.375986,-0.036383,-1.298263
16.9800,0.262519,-2.448285,-0.048910,-1.207227
16.9900,0.237688,-2.517458,-0.060532,-1.117363
17.0000,0.212181,-2.583193,-0.071263,-1.029265
17.0100,0.186036,-2.645151,-0.081125,-0.943585
17.0200,0.159292,-2.702957,-0.090145,-0.861029
17.0300,0.131992,-2.756209,-0.098359,-0.782355
17.0400,0.104185,-2.804481,-0.105808,-0.708358
17.0500,0.075921,-2.847329,-0.112544,-0.639854
17.0600,0.047258,-2.884306,-0.118626,-0.577657
17.0700,0.018256,-2.914975,-0.124121,-0.522557
17.0800,-0.011020,-2.938926,-0.129103,-0.475288
17.0900,-0.040499,-2.955798,-0.133655,-0.436495
17.1000,-0.070111,-2.965294,-0.137863,-0.406703
17.1100,-0.099780,-2.967206,-0.141820,-0.386289
17.1200,-0.129429,-2.961420,-0.145621,-0.375461
17.1300,-0.158982,-2.947933,-0.149362,-0.374244
17.1400,-0.188363,-2.926849,-0.153137,-0.382475
17.1500,-0.217495,-2.898380,-0.157041,-0.399816
17.1600,-0.246307,-2.862829,-0.161162,-0.425769
17.1700,-0.274729,-2.820578,-0.165583,-0.459701
17.1800,-0.302697,-2.772067,-0.170381,-0.500879
17.1900,-0.330151,-2.717777,-0.175623,-0.548500
17.2000,-0.357035,-2.658205,-0.181369,-0.601725
17.2100,-0.383299,-2.593851,-0.187673,-0.659709
17.2200,-0.408898,-2.525203,-0.194577,-0.721626
17.2300,-0.433791,-2.452723,-0.202116,-0.786689
17.2400,-0.457941,-2.376843,-0.210318,-0.854162
17.2500,-0.481317,-2.297959,-0.219205,-0.923373
17.2600,-0.503891,-2.216431,-0.228790,-0.993716
17.2700,-0.525638,-2.132580,-0.239081,-1.064655
17.2800,-0.546536,-2.046695,-0.250083,-1.135719
17.2900,-0.566566,-1.959031,-0.261795,-1.206503
17.3000,-0.585712,-1.869816,-0.274211,-1.276662
17.3100,-0.603958,-1.779254,-0.287325,-1.345903
17.3200,-0.621293,-1.687529,-0.301125,-1.413983
17.3300,-0.637705,-1.594808,-0.315600,-1.480700
17.3400,-0.653186,-1.501245,-0.330734,-1.545889
17.3500,-0.667728,-1.406988,-0.346512,-1.609414
17.3600,-0.681324,-1.312176,-0.362917,-1.671165
17.3700,-0.693970,-1.216947,-0.379929,-1.731047
17.3800,-0.705662,-1.121439,-0.397531,-1.788980
17.3900,-0.716398,-1.025793,-0.415702,-1.844890
17.4000,-0.726178,-0.930156,-0.434422,-1.898704
17.4100,-0.735002,-0.834684,-0.453669,-1.950346
17.4200,-0.742873,-0.739541,-0.473421,-1.999731
17.4300,-0.749795,-0.644906,-0.493656,-2.046758
17.4400,-0.755773,-0.550970,-0.514348,-2.091309
17.4500,-0.760817,-0.457943,-0.535473,-2.133245
17.4600,-0.764936,-0.366049,-0.557004,-2.172398
17.4700,-0.768143,-0.275530,-0.578911,-2.208573
17.4800,-0.770452,-0.186645,-0.601165,-2.241549
17.4900,-0.771882,-0.099666,-0.623731,-2.271074
17.5000,-0.772453,-0.014875,-0.646574,-2.296871
17.5100,-0.772188,0.067437,-0.669655,-2.318647
17.5200,-0.771113,0.146982,-0.692932,-2.336095
17.5300,-0.769258,0.223479,-0.716361,-2.348904
17.5400,-0.766655,0.296667,-0.739894,-2.356777
17.5500,-0.763337,0.366311,-0.763479,-2.359438
17.5600,-0.759341,0.432212,-0.787064,-2.356648
17.5700,-0.754705,0.494222,-0.810593,-2.348219
17.5800,-0.749470,0.552242,-0.834009,-2.334023
17.5900,-0.743674,0.606238,-0.857254,-2.314003
17.6000,-0.737358,0.656233,-0.880270,-2.288173
17.6100,-0.730562,0.702313,-0.902999,-2.256623
17.6200,-0.723325,0.744620,-0.925384,-2.219512
17.6300,-0.715682,0.783346,-0.947371,-2.177061
17.6400,-0.707669,0.818722,-0.968908,-2.129542
17.6500,-0.699318,0.851010,-0.989946,-2.077266
17.6600,-0.690658,0.880490,-1.010439,-2.020569
17.6700,-0.681716,0.907450,-1.030344,-1.959802
17.6800,-0.672516,0.932181,-1.049623,-1.895314
17.6900,-0.663079,0.954959,-1.068239,-1.827448
17.7000,-0.653423,0.976049,-1.086161,-1.756528
17.7100,-0.643563,0.995694,-1.103360,-1.682858
17.7200,-0.633513,1.014113,-1.119810,-1.606713
17.7300,-0.623284,1.031499,-1.135487,-1.528341
17.7400,-0.612886,1.048020,-1.150370,-1.447960
17.7500,-0.602326,1.063815,-1.164440,-1.365762
17.7600,-0.591612,1.078999,-1.177680,-1.281908
17.7700,-0.580748,1.093662,-1.190074,-1.196536
17.7800,-0.569740,1.107872,-1.201606,-1.109761
17.7900,-0.558592,1.121672,-1.212264,-1.021678
17.8000,-0.547308,1.135090,-1.222036,-0.932361
17.8100,-0.535891,1.148132,-1.230908,-0.841872
17.8200,-0.524346,1.160790,-1.238869,-0.750259
17.8300,-0.512677,1.173040,-1.245909,-0.657558
17.8400,-0.500887,1.184845,-1.252017,-0.563796
17.8500,-0.488982,1.196154,-1.257182,-0.468994
17.8600,-0.476966,1.206908,-1.261393,-0.373169
17.8700,-0.464846,1.217034,-1.264642,-0.276331
17.8800,-0.452628,1.226452,-1.266917,-0.178488
17.8900,-0.440319,1.235075,-1.268208,-0.079648
17.9000,-0.427929,1.242804,-1.268506,0.020182
17.9100,-0.415466,1.249537,-1.267801,0.120997
17.9200,-0.402942,1.255164,-1.266083,0.222790
17.9300,-0.390367,1.259569,-1.263342,0.325553
17.9400,-0.377755,1.262631,-1.259569,0.429275
17.9500,-0.365120,1.264224,-1.254754,0.533948
17.9600,-0.352476,1.264219,-1.248887,0.639558
17.9700,-0.339841,1.262482,-1.241959,0.746092
17.9800,-0.327233,1.258877,-1.233962,0.853536
17.9900,-0.314670,1.253264,-1.224886,0.961874
18.0000,-0.302174,1.245503,-1.214722,1.071091
18.0100,-0.289768,1.235452,-1.203461,1.181172
18.0200,-0.277473,1.222968,-1.191095,1.292104
18.0300,-0.265317,1.207908,-1.177616,1.403875
18.0400,-0.253324,1.190129,-1.163015,1.516477
18.0500,-0.241524,1.169491,-1.147284,1.629905
18.0600,-0.229945,1.145856,-1.130414,1.744161
18.0700,-0.218617,1.119088,-1.112398,1.859251
18.0800,-0.207574,1.089056,-1.093226,1.975191
18.0900,-0.196847,1.055634,-1.072891,2.092003
18.1000,-0.186473,1.018701,-1.051383,2.209719
18.1100,-0.176485,0.978147,-1.028693,2.328380
18.1200,-0.166922,0.933868,-1.004812,2.448038
18.1300,-0.157821,0.885775,-0.979729,2.568751
18.1400,-0.149220,0.833793,-0.953433,2.690587
18.1500,-0.141158,0.777864,-0.925913,2.813619
18.1600,-0.133676,0.717956,-0.897157,2.937917
18.1700,-0.126812,0.654066,-0.867151,3.063547
18.1800,-0.120607,0.586231,-0.835881,3.190560
18.1900,-0.115100,0.514537,-0.803335,3.318975
18.2000,-0.110329,0.439137,-0.769497,3.448763
18.2100,-0.106329,0.360270,-0.734355,3.579823
18.2200,-0.103134,0.278284,-0.697897,3.711945
18.2300,-0.100772,0.193670,-0.660114,3.844772
18.2400,-0.099267,0.107099,-0.621001,3.977744
18.2500,-0.098634,0.019470,-0.580561,4.110040
18.2600,-0.098878,-0.068048,-0.538806,4.240504
18.2700,-0.099990,-0.153967,-0.495762,4.367584
18.2800,-0.101945,-0.236445,-0.451473,4.489273
18.2900,-0.104700,-0.313284,-0.406003,4.603090
18.3000,-0.108184,-0.381973,-0.359447,4.706123
18.3100,-0.112303,-0.439796,-0.311927,4.795161
18.3200,-0.116935,-0.484025,-0.263601,4.866925
18.3300,-0.121930,-0.512182,-0.214657,4.918402
18.3400,-0.127118,-0.522338,-0.165309,4.947231
18.3500,-0.132313,-0.513381,-0.115792,4.952046
18.3600,-0.137321,-0.485185,-0.066349,4.932695
18.3700,-0.141955,-0.438627,-0.017215,4.890259
18.3800,-0.146038,-0.375448,0.031387,4.826868
18.3900,-0.149416,-0.297995,0.079261,4.745368
18.4000,-0.151960,-0.208931,0.126244,4.648941
18.4100,-0.153565,-0.110960,0.172201,4.540756
18.4200,-0.154158,-0.006618,0.217030,4.423714
18.4300,-0.153684,0.101844,0.260654,4.300301
18.4400,-0.152113,0.212522,0.303021,4.172536
18.4500,-0.149431,0.323857,0.344096,4.041976
18.4600,-0.145638,0.434610,0.383855,3.909770
18.4700,-0.140744,0.543818,0.422288,3.776729
18.4800,-0.134769,0.650745,0.459389,3.643391
18.4900,-0.127739,0.754840,0.495156,3.510088
18.5000,-0.119683,0.855700,0.529592,3.376999
18.5100,-0.110637,0.953034,0.562697,3.244198
18.5200,-0.100635,1.046641,0.594476,3.111685
18.5300,-0.089717,1.136391,0.624932,2.979418
18.5400,-0.077920,1.222206,0.654065,2.847327
18.5500,-0.065286,1.304053,0.681879,2.715333
18.5600,-0.051853,1.381932,0.708372,2.583359
18.5700,-0.037660,1.455873,0.733546,2.451333
18.5800,-0.022748,1.525929,0.757398,2.319197
18.5900,-0.007155,1.592170,0.779929,2.186908
18.6000,0.009083,1.654685,0.801136,2.054439
18.6100,0.025927,1.713578,0.821017,1.921780
18.6200,0.043343,1.768962,0.839571,1.788940
18.6300,0.061295,1.820961,0.856795,1.655943
18.6400,0.079751,1.869708,0.872689,1.522829
18.6500,0.098679,1.915340,0.887252,1.389655
18.6600,0.118048,1.958000,0.900483,1.256488
18.6700,0.137829,1.997831,0.912382,1.123411
18.6800,0.157996,2.034978,0.922951,0.990519
18.6900,0.178520,2.069580,0.932193,0.857920
18.7000,0.199379,2.101773,0.940111,0.725732
18.7100,0.220548,2.131682,0.946710,0.594090
18.7200,0.242006,2.159423,0.951995,0.463143
18.7300,0.263730,2.185093,0.955975,0.333056
18.7400,0.285701,2.208773,0.958660,0.204014
18.7500,0.307899,2.230518,0.960060,0.076227
18.7600,0.330305,2.250355,0.960189,-0.050069
18.7700,0.352900,2.268277,0.959064,-0.174603
18.7800,0.375664,2.284238,0.956704,-0.297068
18.7900,0.398578,2.298147,0.953131,-0.417111
18.8000,0.421620,2.309863,0.948371,-0.534327
18.8100,0.444767,2.319191,0.942456,-0.648256
18.8200,0.467995,2.325877,0.935419,-0.758379
18.8300,0.491275,2.329605,0.927303,-0.864114
18.8400,0.514576,2.330003,0.918153,-0.964820
18.8500,0.537862,2.326643,0.908025,-1.059807
18.8600,0.561094,2.319052,0.896979,-1.148346
18.8700,0.584227,2.306733,0.885082,-1.229694
18.8800,0.607211,2.289177,0.872411,-1.303125
18.8900,0.629992,2.265900,0.859048,-1.367964
18.9000,0.652509,2.236469,0.845083,-1.423632
18.9100,0.674700,2.200533,0.830608,-1.469691
18.9200,0.696497,2.157858,0.815722,-1.505877
18.9300,0.717834,2.108346,0.800523,-1.532138
18.9400,0.738641,2.052052,0.785112,-1.548643
18.9500,0.758853,1.989181,0.769582,-1.555781
18.9600,0.778404,1.920081,0.754025,-1.554141
18.9700,0.797235,1.845217,0.738526,-1.544479
18.9800,0.815291,1.765143,0.723160,-1.527666
18.9900,0.832523,1.680467,0.707993,-1.504643
19.0000,0.848887,1.591817,0.693084,-1.476367
19.0100,0.864348,1.499814,0.678480,-1.443771
19.0200,0.878874,1.405044,0.664220,-1.407727
19.0300,0.892442,1.308047,0.650335,-1.369023
19.0400,0.905030,1.209302,0.636846,-1.328346
19.0500,0.916623,1.109222,0.623772,-1.286281
19.0600,0.927211,1.008158,0.611124,-1.243303
19.0700,0.936784,0.906399,0.598908,-1.199792
19.0800,0.945337,0.804178,0.587129,-1.156032
19.0900,0.952867,0.701679,0.575787,-1.112226
19.1000,0.959370,0.599042,0.564884,-1.068507
19.1100,0.964847,0.496370,0.554417,-1.024945
19.1200,0.969298,0.393737,0.544384,-0.981556
19.1300,0.972722,0.291191,0.534785,-0.938317
19.1400,0.975122,0.188759,0.525618,-0.895166
19.1500,0.976498,0.086453,0.516882,-0.852015
19.1600,0.976851,-0.015729,0.508578,-0.808752
19.1700,0.976184,-0.117797,0.500708,-0.765247
19.1800,0.974496,-0.219769,0.493274,-0.721360
19.1900,0.971789,-0.321669,0.486282,-0.676941
19.2000,0.968063,-0.423525,0.479738,-0.631834
19.2100,0.963318,-0.525364,0.473648,-0.585883
19.2200,0.957555,-0.627216,0.468023,-0.538934
19.2300,0.950774,-0.729108,0.462873,-0.490838
19.2400,0.942973,-0.831066,0.458211,-0.441454
19.2500,0.934152,-0.933111,0.454049,-0.390655
19.2600,0.924310,-1.035256,0.450403,-0.338330
19.2700,0.913447,-1.137507,0.447288,-0.284388
19.2800,0.901560,-1.239859,0.444721,-0.228768
19.2900,0.888649,-1.342289,0.442718,-0.171439
19.3000,0.874714,-1.444756,0.441298,-0.112413
19.3100,0.859754,-1.547195,0.440475,-0.051752
19.3200,0.843770,-1.649508,0.440268,0.010424
19.3300,0.826765,-1.751561,0.440688,0.073923
19.3400,0.808741,-1.853171,0.441750,0.138467
19.3500,0.789704,-1.954100,0.443460,0.203681
19.3600,0.769662,-2.054045,0.445824,0.269077
19.3700,0.748627,-2.152624,0.448840,0.334040
19.3800,0.726616,-2.249375,0.452501,0.397815
19.3900,0.703648,-2.343741,0.456789,0.459500
19.4000,0.679751,-2.435075,0.461680,0.518044
19.4100,0.654959,-2.522641,0.467136,0.572257
19.4200,0.629313,-2.605628,0.473107,0.620831
19.4300,0.602864,-2.683174,0.479529,0.662379
19.4400,0.575671,-2.754401,0.486326,0.695489
19.4500,0.547800,-2.818457,0.493406,0.718792
19.4600,0.519328,-2.874570,0.500665,0.731045
19.4700,0.490338,-2.922103,0.507987,0.731209
19.4800,0.460916,-2.960591,0.515246,0.718522
19.4900,0.431157,-2.989783,0.522313,0.692554
19.5000,0.401152,-3.009651,0.529053,0.653230
19.5100,0.370994,-3.020384,0.535334,0.600824
19.5200,0.340773,-3.022363,0.541028,0.535925
19.5300,0.310574,-3.016119,0.546013,0.459382
19.5400,0.280476,-3.002282,0.550180,0.372226
19.5500,0.250552,-2.981536,0.553426,0.275605
19.5600,0.220866,-2.954567,0.555664,0.170713
19.5700,0.191479,-2.922036,0.556817,0.058734
19.5800,0.162442,-2.884544,0.556819,-0.059198
19.5900,0.133803,-2.842621,0.555617,-0.182030
19.6000,0.105603,-2.796717,0.553165,-0.308803
19.6100,0.077881,-2.747200,0.549430,-0.438662
19.6200,0.050670,-2.694363,0.544384,-0.570852
19.6300,0.024004,-2.638426,0.538008,-0.704714
19.6400,-0.002089,-2.579552,0.530286,-0.839681
19.6500,-0.027578,-2.517849,0.521212,-0.975262
19.6600,-0.052436,-2.453385,0.510781,-1.111042
19.6700,-0.076637,-2.386195,0.498992,-1.246666
19.6800,-0.100151,-2.316287,0.485849,-1.381837
19.6900,-0.122953,-2.243656,0.471357,-1.516304
19.7000,-0.145015,-2.168283,0.455526,-1.649864
19.7100,-0.166310,-2.090146,0.438364,-1.782348
19.7200,-0.186809,-2.009224,0.419883,-1.913626
19.7300,-0.206485,-1.925501,0.400096,-2.043594
19.7400,-0.225310,-1.838970,0.379016,-2.172178
19.7500,-0.243255,-1.749639,0.356657,-2.299325
19.7600,-0.260293,-1.657535,0.333034,-2.425001
19.7700,-0.276397,-1.562706,0.308162,-2.549183
19.7800,-0.291538,-1.465229,0.282055,-2.671857
19.7900,-0.305693,-1.365213,0.254730,-2.793006
19.8000,-0.318835,-1.262810,0.226200,-2.912601
19.8100,-0.330942,-1.158216,0.196483,-3.030591
19.8200,-0.341993,-1.051689,0.165594,-3.146882
19.8300,-0.351970,-0.943556,0.133552,-3.261325
19.8400,-0.360860,-0.834228,0.100375,-3.373688
19.8500,-0.368652,-0.724216,0.066086,-3.483636
19.8600,-0.375344,-0.614151,0.030711,-3.590696
19.8700,-0.380938,-0.504797,-0.005716,-3.694232
19.8800,-0.385445,-0.397068,-0.043159,-3.793420
19.8900,-0.388888,-0.292041,-0.081567,-3.887219
19.9000,-0.391299,-0.190949,-0.120881,-3.974373
19.9100,-0.392725,-0.095166,-0.161027,-4.053418
19.9200,-0.393225,-0.006166,-0.201917,-4.122730
19.9300,-0.392876,0.074544,-0.243444,-4.180603
19.9400,-0.391767,0.145520,-0.285485,-4.225367
19.9500,-0.390002,0.205493,-0.327902,-4.255532
19.9600,-0.387697,0.253491,-0.370543,-4.269943
19.9700,-0.384974,0.288942,-0.413246,-4.267921
19.9800,-0.381960,0.311748,-0.455846,-4.249352
19.9900,-0.378780,0.322295,-0.498180,-4.214716
20.0000,-0.375552,0.321418,-0.540091,-4.165036
